cauhoi,traloi
"Laptop Asus Vivobook E1404FA-NK186W R5 7520U/16GB/512GB/14"" FHD/Win11 có giá bao nhiêu?","Hiện tại, Laptop Asus Vivobook E1404FA-NK186W R5 7520U/16GB/512GB/14"" FHD/Win11 có giá là 13.490.000đ."
"Laptop Lenovo IdeaPad 3 15ITL6 i5 1155G7/16GB/512GB/15.6""FHD/Win11 có giá bao nhiêu?","Hiện tại, Laptop Lenovo IdeaPad 3 15ITL6 i5 1155G7/16GB/512GB/15.6""FHD/Win11 có giá là 13.490.000đ."
Laptop Acer Swift 3 SF314-43-R4X3 R5 5500U/16GB/512GB SSD/Win11 có giá bao nhiêu?,"Hiện tại, Laptop Acer Swift 3 SF314-43-R4X3 R5 5500U/16GB/512GB SSD/Win11 có giá là 18.990.000đ."
"Laptop Dell Inspiron 15 N3520 i5 1235U/8GB/256GB/15.6""FHD/Win 11/Office HS21 có giá bao nhiêu?","Hiện tại, Laptop Dell Inspiron 15 N3520 i5 1235U/8GB/256GB/15.6""FHD/Win 11/Office HS21 có giá là 15.490.000đ."
"Laptop MSI Modern 14 C7M-221VN R7 7730U/8GB/512GB/14"" FHD IPS/Win 11 có giá bao nhiêu?","Hiện tại, Laptop MSI Modern 14 C7M-221VN R7 7730U/8GB/512GB/14"" FHD IPS/Win 11 có giá là 13.790.000đ."
"Laptop Asus Vivobook Flip TN3402YA-LZ188W R5-7530U/16GB/512GB/14"" Touch/Win11 có giá bao nhiêu?","Hiện tại, Laptop Asus Vivobook Flip TN3402YA-LZ188W R5-7530U/16GB/512GB/14"" Touch/Win11 có giá là 17.090.000đ."
"Laptop MSI Gaming GF63 Thin 11SC-664VN i5 11400H/8GB/512GB/15.6""FHD/GeForce GTX 1650 4GB/Win 11 có giá bao nhiêu?","Hiện tại, Laptop MSI Gaming GF63 Thin 11SC-664VN i5 11400H/8GB/512GB/15.6""FHD/GeForce GTX 1650 4GB/Win 11 có giá là 15.490.000đ."
"Laptop Lenovo IdeaPad 1 15AMN7 R5 7520U/8GB/512GB/15.6""FHD/Win 11 có giá bao nhiêu?","Hiện tại, Laptop Lenovo IdeaPad 1 15AMN7 R5 7520U/8GB/512GB/15.6""FHD/Win 11 có giá là 12.990.000đ."
Laptop HP 14s-em0086AU R5 7520U/16GB/512GB/14''FHD/AMD Radeon Graphics/Win11 có giá bao nhiêu?,"Hiện tại, Laptop HP 14s-em0086AU R5 7520U/16GB/512GB/14''FHD/AMD Radeon Graphics/Win11 có giá là 13.990.000đ."
"Laptop MSI Gaming Thin GF63 12VE-454VN i5 12450H/16GB/512GB/15.6"" FHD/GeForce RTX4050_6GB/Win 11 có giá bao nhiêu?","Hiện tại, Laptop MSI Gaming Thin GF63 12VE-454VN i5 12450H/16GB/512GB/15.6"" FHD/GeForce RTX4050_6GB/Win 11 có giá là 21.490.000đ."
"Laptop Lenovo IdeaPad 3 14IAH8 i5 12450H/16GB/512GB/14""FHD/Win11 có giá bao nhiêu?","Hiện tại, Laptop Lenovo IdeaPad 3 14IAH8 i5 12450H/16GB/512GB/14""FHD/Win11 có giá là 15.290.000đ."
"Laptop Asus TUF Gaming FX506HC-HN144W i5 11400H/8GB/512GB/15.6""FHD/GeForce RTX 3050 4GB/Win 11 có giá bao nhiêu?","Hiện tại, Laptop Asus TUF Gaming FX506HC-HN144W i5 11400H/8GB/512GB/15.6""FHD/GeForce RTX 3050 4GB/Win 11 có giá là 21.490.000đ."
"Laptop Acer Nitro 5 Gaming AN515-57-53F9 i5 11400H/8GB/512GB/15.6""FHD/RTX3050 4GB/Win11 có giá bao nhiêu?","Hiện tại, Laptop Acer Nitro 5 Gaming AN515-57-53F9 i5 11400H/8GB/512GB/15.6""FHD/RTX3050 4GB/Win11 có giá là 22.990.000đ."
"Laptop Asus Vivobook X415EA-EK1387W i3 1115G4/8GB/256GB/14"" FHD/Win 11 có giá bao nhiêu?","Hiện tại, Laptop Asus Vivobook X415EA-EK1387W i3 1115G4/8GB/256GB/14"" FHD/Win 11 có giá là 9.190.000đ."
"Laptop HP Pavilion 14-dv2075TU i5 1235U/8GB/512GB SSD/14""FHD/Win11 có giá bao nhiêu?","Hiện tại, Laptop HP Pavilion 14-dv2075TU i5 1235U/8GB/512GB SSD/14""FHD/Win11 có giá là 19.190.000đ."
"Laptop Acer Aspire 7 Gaming A715-76-57CY i5 12450H/8G/512G/15.6""FHD/Win11 có giá bao nhiêu?","Hiện tại, Laptop Acer Aspire 7 Gaming A715-76-57CY i5 12450H/8G/512G/15.6""FHD/Win11 có giá là 16.390.000đ."
"Laptop Asus TUF Gaming FX507ZC4-HN095W i5 12500H/16GB/512GB/15.6""/Nvidia RTX 3050 4GB/Win1 có giá bao nhiêu?","Hiện tại, Laptop Asus TUF Gaming FX507ZC4-HN095W i5 12500H/16GB/512GB/15.6""/Nvidia RTX 3050 4GB/Win1 có giá là 23.990.000đ."
"Laptop Acer Aspire 7 Gaming A715-43G-R09Q R5 5625U/16GB/512GB/15.6""FHD/NVIDIA RTX3050/Win11 có giá bao nhiêu?","Hiện tại, Laptop Acer Aspire 7 Gaming A715-43G-R09Q R5 5625U/16GB/512GB/15.6""FHD/NVIDIA RTX3050/Win11 có giá là 18.990.000đ."
"Laptop Asus TUF Gaming FX517ZC-HN077W i5 12450H/8GB/512GB/15.6""FHD/GeForce RTX 3050 4GB/Win 11 có giá bao nhiêu?","Hiện tại, Laptop Asus TUF Gaming FX517ZC-HN077W i5 12450H/8GB/512GB/15.6""FHD/GeForce RTX 3050 4GB/Win 11 có giá là 22.490.000đ."
"Laptop MSI Gaming GF63 Thin 11UC-1228VN i7-11800H/8GB/512GB/15.6""FHD/GeForce RTX3050_4GB/Win11 có giá bao nhiêu?","Hiện tại, Laptop MSI Gaming GF63 Thin 11UC-1228VN i7-11800H/8GB/512GB/15.6""FHD/GeForce RTX3050_4GB/Win11 có giá là 18.890.000đ."
"Laptop MSI Modern 15 B7M-099VN R5 7530U/8GB/512GB/15.6""FHD/Win 11 có giá bao nhiêu?","Hiện tại, Laptop MSI Modern 15 B7M-099VN R5 7530U/8GB/512GB/15.6""FHD/Win 11 có giá là 11.390.000đ."
"Laptop MSI Modern 14 C7M-220VN R5 7530U/8GB/512GB/14""FHD/Win 11 có giá bao nhiêu?","Hiện tại, Laptop MSI Modern 14 C7M-220VN R5 7530U/8GB/512GB/14""FHD/Win 11 có giá là 11.490.000đ."
Laptop Asus TUF Gaming FX506HE-HN377W i7 11800H/8GB/512GB/15.6”/Nvidia RTX 3050Ti 4GB/Win11 có giá bao nhiêu?,"Hiện tại, Laptop Asus TUF Gaming FX506HE-HN377W i7 11800H/8GB/512GB/15.6”/Nvidia RTX 3050Ti 4GB/Win11 có giá là 19.990.000đ."
"Laptop HP 15s fq2711TU i3 1115G4/8GB/256GB/15.6""FHD/Win 11 có giá bao nhiêu?","Hiện tại, Laptop HP 15s fq2711TU i3 1115G4/8GB/256GB/15.6""FHD/Win 11 có giá là 11.690.000đ."
"Laptop Lenovo Ideapad 3 15ITL6 i5 1155G7/8GB/256GB/15.6""FHD/Win 11 có giá bao nhiêu?","Hiện tại, Laptop Lenovo Ideapad 3 15ITL6 i5 1155G7/8GB/256GB/15.6""FHD/Win 11 có giá là 13.190.000đ."
"Laptop MSI Modern 15 B7M-098VN R7 7730U/8GB/512GB/15.6""FHD/Win 11 có giá bao nhiêu?","Hiện tại, Laptop MSI Modern 15 B7M-098VN R7 7730U/8GB/512GB/15.6""FHD/Win 11 có giá là 14.590.000đ."
"Laptop Asus Vivobook X515EA-EJ322W i3 1115G4/8GB/512GB/15.6"" FHD/Win 11 có giá bao nhiêu?","Hiện tại, Laptop Asus Vivobook X515EA-EJ322W i3 1115G4/8GB/512GB/15.6"" FHD/Win 11 có giá là 9.790.000đ."
"Laptop Lenovo Ideapad Gaming 3 15ARH7 R5 7535HS/8GB/512GB/15.6""FHD/Nvidia RTX 4050 6GB/Win11 có giá bao nhiêu?","Hiện tại, Laptop Lenovo Ideapad Gaming 3 15ARH7 R5 7535HS/8GB/512GB/15.6""FHD/Nvidia RTX 4050 6GB/Win11 có giá là 21.990.000đ."
Laptop Acer Nitro 5 Tiger Gaming AN515-58-52SP i5 12500H/8GB/512GB SSD/GeForce RTX 3050 4GB/Win11 có giá bao nhiêu?,"Hiện tại, Laptop Acer Nitro 5 Tiger Gaming AN515-58-52SP i5 12500H/8GB/512GB SSD/GeForce RTX 3050 4GB/Win11 có giá là 26.490.000đ."
"Laptop Huawei MateBook D15 R7 5700U/8GB/512GB/15.6""FHD/Win11 có giá bao nhiêu?","Hiện tại, Laptop Huawei MateBook D15 R7 5700U/8GB/512GB/15.6""FHD/Win11 có giá là 12.790.000đ."
Laptop Acer Nitro Gaming AN515-57-5669 i5 11400H/8GB/512GB SSD/GeForce GTX 1650 4GB/Win11 có giá bao nhiêu?,"Hiện tại, Laptop Acer Nitro Gaming AN515-57-5669 i5 11400H/8GB/512GB SSD/GeForce GTX 1650 4GB/Win11 có giá là 21.490.000đ."
Laptop Asus Vivobook M3504YA-L1268W R5 7530U/16GB/512GB/15.6''OLED/Win11 có giá bao nhiêu?,"Hiện tại, Laptop Asus Vivobook M3504YA-L1268W R5 7530U/16GB/512GB/15.6''OLED/Win11 có giá là 18.490.000đ."
"Laptop Asus Vivobook  A1503ZA-L1139W i5 12500H/8GB/512GB/15.6""FHD/Win 11 có giá bao nhiêu?","Hiện tại, Laptop Asus Vivobook  A1503ZA-L1139W i5 12500H/8GB/512GB/15.6""FHD/Win 11 có giá là 20.490.000đ."
Laptop CHUWI GemiBook Celeron J4125/8GB/256GB/13''IPS/Win 10 có giá bao nhiêu?,"Hiện tại, Laptop CHUWI GemiBook Celeron J4125/8GB/256GB/13''IPS/Win 10 có giá là 4.690.000đ."
"Laptop Asus Vivobook X1502ZA-BQ126W i5 1240P/8GB/512GB/15.6""FHD/Iris Xe Graphics/Win 11 có giá bao nhiêu?","Hiện tại, Laptop Asus Vivobook X1502ZA-BQ126W i5 1240P/8GB/512GB/15.6""FHD/Iris Xe Graphics/Win 11 có giá là 17.490.000đ."
Laptop Acer Aspire 3 A315-57G-573F i5 1035G1/8GB/512GB SSD/GeForce MX330 2GB/Win11 có giá bao nhiêu?,"Hiện tại, Laptop Acer Aspire 3 A315-57G-573F i5 1035G1/8GB/512GB SSD/GeForce MX330 2GB/Win11 có giá là 12.990.000đ."
Laptop Asus Vivobook X515EA-EJ4111W i5 1135G7/16GB/512GB/15.6”FHD/Win11 có giá bao nhiêu?,"Hiện tại, Laptop Asus Vivobook X515EA-EJ4111W i5 1135G7/16GB/512GB/15.6”FHD/Win11 có giá là 13.990.000đ."
"Laptop Lenovo Ideapad 3 15IAU7 i7 1255U/16GB/512GB/15.6""FHD/Win 11 có giá bao nhiêu?","Hiện tại, Laptop Lenovo Ideapad 3 15IAU7 i7 1255U/16GB/512GB/15.6""FHD/Win 11 có giá là 16.290.000đ."
Laptop Asus Vivobook 15 OLED A1505VA-L1113W i5 13500H/16GB/512GB/15.6''FHD/Win11 có giá bao nhiêu?,"Hiện tại, Laptop Asus Vivobook 15 OLED A1505VA-L1113W i5 13500H/16GB/512GB/15.6''FHD/Win11 có giá là 20.490.000đ."
"Laptop Lenovo Ideapad Slim 5 Light 14ABR8 R7 7730U/16GB/512GB/14.0""FHD/Win11 có giá bao nhiêu?","Hiện tại, Laptop Lenovo Ideapad Slim 5 Light 14ABR8 R7 7730U/16GB/512GB/14.0""FHD/Win11 có giá là 19.490.000đ."
"Laptop Asus Vivobook A1405VA-KM059W i5 13500H/8GB/512GB/14"" OLED WQXGA+/Win11 có giá bao nhiêu?","Hiện tại, Laptop Asus Vivobook A1405VA-KM059W i5 13500H/8GB/512GB/14"" OLED WQXGA+/Win11 có giá là 19.990.000đ."
Laptop HP Gaming Victus 16-e1104AX R7 6800H/8GB/512GB/16.1''FHD/Nvidia RTX 3050 4GB/Win11 có giá bao nhiêu?,"Hiện tại, Laptop HP Gaming Victus 16-e1104AX R7 6800H/8GB/512GB/16.1''FHD/Nvidia RTX 3050 4GB/Win11 có giá là 26.290.000đ."
Laptop Asus TUF Gaming FA507NV-LP046W R7 7735HS/8GB/512GB/GeForce RTX 4060 8GB/Win11 có giá bao nhiêu?,"Hiện tại, Laptop Asus TUF Gaming FA507NV-LP046W R7 7735HS/8GB/512GB/GeForce RTX 4060 8GB/Win11 có giá là 33.490.000đ."
"Laptop HP 245 G10 R5 7520U/8GB/256GB/14""FHD/Win11 có giá bao nhiêu?","Hiện tại, Laptop HP 245 G10 R5 7520U/8GB/256GB/14""FHD/Win11 có giá là 10.990.000đ."
"Laptop Acer Aspire 3 A315-59-31BT i3 1215U/8GB/256GB/15.6""FHD/Win11 có giá bao nhiêu?","Hiện tại, Laptop Acer Aspire 3 A315-59-31BT i3 1215U/8GB/256GB/15.6""FHD/Win11 có giá là 8.690.000đ."
"Laptop Lenovo Ideapad 3 15IAU7 i5 1235U/8GB/512GB/15.6""FHD/Win 11 có giá bao nhiêu?","Hiện tại, Laptop Lenovo Ideapad 3 15IAU7 i5 1235U/8GB/512GB/15.6""FHD/Win 11 có giá là 16.990.000đ."
Laptop Acer Swift 3 SF314-511-55QE i5 1135G7/16GB/512GB SSD/Win11 có giá bao nhiêu?,"Hiện tại, Laptop Acer Swift 3 SF314-511-55QE i5 1135G7/16GB/512GB SSD/Win11 có giá là 20.990.000đ."
Laptop HP 14s-dq2644TU i3 1115G4/8GB/256GB/14''FHD/Win11 có giá bao nhiêu?,"Hiện tại, Laptop HP 14s-dq2644TU i3 1115G4/8GB/256GB/14''FHD/Win11 có giá là 11.890.000đ."
"Laptop HP 15s fq5160TU i5 1235U/16GB/512GB/15.6""FHD/Win 11 có giá bao nhiêu?","Hiện tại, Laptop HP 15s fq5160TU i5 1235U/16GB/512GB/15.6""FHD/Win 11 có giá là 19.490.000đ."
"Laptop Asus Vivobook E1504FA-NJ426W R3 7320U/8GB/256GB/15.6"" FHD/Win11 có giá bao nhiêu?","Hiện tại, Laptop Asus Vivobook E1504FA-NJ426W R3 7320U/8GB/256GB/15.6"" FHD/Win11 có giá là 8.990.000đ."
"Laptop Asus Zenbook UX3402ZA-KM218W i5 1240P/8GB/512GB/14.0""OLED WQXGA/Win 11 có giá bao nhiêu?","Hiện tại, Laptop Asus Zenbook UX3402ZA-KM218W i5 1240P/8GB/512GB/14.0""OLED WQXGA/Win 11 có giá là 24.990.000đ."
"Laptop Acer Nitro Gaming AN515-58-769J i7 12700H/8GB/512GB/15.6""FHD/GeForce RTX 3050 4GB/Win11 có giá bao nhiêu?","Hiện tại, Laptop Acer Nitro Gaming AN515-58-769J i7 12700H/8GB/512GB/15.6""FHD/GeForce RTX 3050 4GB/Win11 có giá là 29.490.000đ."
"Laptop HP 15s fq2712TU i3 1115G4/8GB/256GB/15.6""FHD/Win 11 có giá bao nhiêu?","Hiện tại, Laptop HP 15s fq2712TU i3 1115G4/8GB/256GB/15.6""FHD/Win 11 có giá là 11.690.000đ."
"Laptop Lenovo IdeaPad Slim 5 16IAH8 i5 12450H/16GB/512GB/16""WUXGA/Win11 có giá bao nhiêu?","Hiện tại, Laptop Lenovo IdeaPad Slim 5 16IAH8 i5 12450H/16GB/512GB/16""WUXGA/Win11 có giá là 16.990.000đ."
"Laptop MSI Gaming Alpha 15 B5EEK-203VN R5 5600H/8GB/512GB/15.6""FHD/RX6600M 8GB/Win 11_Balo có giá bao nhiêu?","Hiện tại, Laptop MSI Gaming Alpha 15 B5EEK-203VN R5 5600H/8GB/512GB/15.6""FHD/RX6600M 8GB/Win 11_Balo có giá là 17.990.000đ."
"Laptop Gigabyte Gaming A5 K1-AVN1030SB R5 5600H/8GB/512GB/15.6""FHD/Nvidia RTX 3060 6GB/Win11 có giá bao nhiêu?","Hiện tại, Laptop Gigabyte Gaming A5 K1-AVN1030SB R5 5600H/8GB/512GB/15.6""FHD/Nvidia RTX 3060 6GB/Win11 có giá là 19.290.000đ."
"Laptop Acer Aspire 3 A315-58-54M5 i5 1135G7/8GB/512GB/15.6""FHD/Win 11 có giá bao nhiêu?","Hiện tại, Laptop Acer Aspire 3 A315-58-54M5 i5 1135G7/8GB/512GB/15.6""FHD/Win 11 có giá là 13.990.000đ."
"Laptop Huawei MateBook D14 BE i3 1215U/8GB/256GB/14""FHD+/Win11 có giá bao nhiêu?","Hiện tại, Laptop Huawei MateBook D14 BE i3 1215U/8GB/256GB/14""FHD+/Win11 có giá là 10.790.000đ."
"Laptop Lenovo Gaming Legion 5 15ARH7H R5 6600H/16GB/512GB/15.6""WQHD/NVIDIA RTX 3060 6GB/Win11 có giá bao nhiêu?","Hiện tại, Laptop Lenovo Gaming Legion 5 15ARH7H R5 6600H/16GB/512GB/15.6""WQHD/NVIDIA RTX 3060 6GB/Win11 có giá là 40.490.000đ."
"Laptop Acer Aspire 3 A314-23M-R4TX R5 7520U/8GB/512GB/14""FHD/Win11 có giá bao nhiêu?","Hiện tại, Laptop Acer Aspire 3 A314-23M-R4TX R5 7520U/8GB/512GB/14""FHD/Win11 có giá là 11.990.000đ."
"Laptop Dell Inspiron 16 N5620 i5 1240P/16GB/512GB/16.0""FHD/GeForce MX570 2GB/Win 11/Office HS21 có giá bao nhiêu?","Hiện tại, Laptop Dell Inspiron 16 N5620 i5 1240P/16GB/512GB/16.0""FHD/GeForce MX570 2GB/Win 11/Office HS21 có giá là 22.290.000đ."
"Laptop Acer Nitro Gaming AN515-57-54MV i5 11400H/8GB/512GB/15.6""FHD/NVIDIA GeForce RTX 3050 4GB/Win11 có giá bao nhiêu?","Hiện tại, Laptop Acer Nitro Gaming AN515-57-54MV i5 11400H/8GB/512GB/15.6""FHD/NVIDIA GeForce RTX 3050 4GB/Win11 có giá là 23.490.000đ."
"Laptop Lenovo Gaming Legion 5 15IAH7 i5 12500H/16GB/512GB/15.6""FHD/Nvidia RTX 3050 4GB/Win 11 có giá bao nhiêu?","Hiện tại, Laptop Lenovo Gaming Legion 5 15IAH7 i5 12500H/16GB/512GB/15.6""FHD/Nvidia RTX 3050 4GB/Win 11 có giá là 31.590.000đ."
Laptop Acer Aspire 5 A514-54-5127 i5 1135G7/8GB/512GB SSD/14.0''FHD/Win11 có giá bao nhiêu?,"Hiện tại, Laptop Acer Aspire 5 A514-54-5127 i5 1135G7/8GB/512GB SSD/14.0''FHD/Win11 có giá là 13.090.000đ."
"Laptop Asus TUF Gaming FX706HC-HX579W i5 11400H/8GB/512GB/GeForce RTX 3050 4GB/17.3""FHD/Win 11 có giá bao nhiêu?","Hiện tại, Laptop Asus TUF Gaming FX706HC-HX579W i5 11400H/8GB/512GB/GeForce RTX 3050 4GB/17.3""FHD/Win 11 có giá là 24.490.000đ."
"Laptop Lenovo ThinkBook 14 G4 IAP i5 1235U/8GB/512GB/14.0""FHD/Win11 có giá bao nhiêu?","Hiện tại, Laptop Lenovo ThinkBook 14 G4 IAP i5 1235U/8GB/512GB/14.0""FHD/Win11 có giá là 16.990.000đ."
Laptop Asus TUF Gaming FX507ZV4-LP041W i7 12700H/8GB/512GB/15.6''/Nvidia RTX 4060 8GB/Win11 có giá bao nhiêu?,"Hiện tại, Laptop Asus TUF Gaming FX507ZV4-LP041W i7 12700H/8GB/512GB/15.6''/Nvidia RTX 4060 8GB/Win11 có giá là 33.990.000đ."
"Laptop Asus Vivobook Pro K3405VC-KM070W i9 13900H/16GB/512GB/14"" OLED 2.8K/GeForce RTX3050 4GB/Win11 có giá bao nhiêu?","Hiện tại, Laptop Asus Vivobook Pro K3405VC-KM070W i9 13900H/16GB/512GB/14"" OLED 2.8K/GeForce RTX3050 4GB/Win11 có giá là 32.990.000đ."
"Laptop MSI Modern 14 C12MO-660VN i5 1235U/16GB/512GB/14""FHD/Win11 có giá bao nhiêu?","Hiện tại, Laptop MSI Modern 14 C12MO-660VN i5 1235U/16GB/512GB/14""FHD/Win11 có giá là 13.590.000đ."
Laptop HP Pavilion 15-eg2063TX i5 1235U/8GB/512GB/15.6''FHD/NVIDIA MX550 2GB/Win11 có giá bao nhiêu?,"Hiện tại, Laptop HP Pavilion 15-eg2063TX i5 1235U/8GB/512GB/15.6''FHD/NVIDIA MX550 2GB/Win11 có giá là 17.990.000đ."
"Laptop MSI Modern 14 C11M-011VN i3 1115G4/8GB/512GB/14"" FHD/Win11 có giá bao nhiêu?","Hiện tại, Laptop MSI Modern 14 C11M-011VN i3 1115G4/8GB/512GB/14"" FHD/Win11 có giá là 10.690.000đ."
"Laptop HP ProBook 440 G10 i7 1360P/16GB/512GB/14""FHD Touch/Win11 có giá bao nhiêu?","Hiện tại, Laptop HP ProBook 440 G10 i7 1360P/16GB/512GB/14""FHD Touch/Win11 có giá là 24.990.000đ."
"Laptop MSI Gaming Katana 15 B13VFK-676VN i7 13620H/16GB/1TB/Geforce RTX 4060 8GB/15.6""FHD/Win11 - Balo có giá bao nhiêu?","Hiện tại, Laptop MSI Gaming Katana 15 B13VFK-676VN i7 13620H/16GB/1TB/Geforce RTX 4060 8GB/15.6""FHD/Win11 - Balo có giá là 32.390.000đ."
Laptop HP 240 G9 i5 1235U/8GB/512GB/14.0''FHD/Win11 có giá bao nhiêu?,"Hiện tại, Laptop HP 240 G9 i5 1235U/8GB/512GB/14.0''FHD/Win11 có giá là 17.790.000đ."
"Laptop Lenovo ThinkPad E16 Gen 1 i5 1340P/16GB/512GB/16""WUXGA/Win 11 có giá bao nhiêu?","Hiện tại, Laptop Lenovo ThinkPad E16 Gen 1 i5 1340P/16GB/512GB/16""WUXGA/Win 11 có giá là 21.990.000đ."
Laptop Lenovo ThinkPad E14 Gen 4 i7-1255U/8GB/512GB/14.0FHD/Win11 có giá bao nhiêu?,"Hiện tại, Laptop Lenovo ThinkPad E14 Gen 4 i7-1255U/8GB/512GB/14.0FHD/Win11 có giá là 22.990.000đ."
Laptop Lenovo ThinkPad E16 Gen 1 i7 1355U/16GB/512GB/16.0 WUXGA/Win11 có giá bao nhiêu?,"Hiện tại, Laptop Lenovo ThinkPad E16 Gen 1 i7 1355U/16GB/512GB/16.0 WUXGA/Win11 có giá là 25.390.000đ."
"Laptop MSI Modern 14 C5M-030VN R5 5625U/8GB/512GB/14"" FHD/Win 11 có giá bao nhiêu?","Hiện tại, Laptop MSI Modern 14 C5M-030VN R5 5625U/8GB/512GB/14"" FHD/Win 11 có giá là 11.790.000đ."
"Laptop Asus Zenbook UX3402VA-KM203W i5 1340P/16GB/512GB/14"" WQXGA+/Win11 có giá bao nhiêu?","Hiện tại, Laptop Asus Zenbook UX3402VA-KM203W i5 1340P/16GB/512GB/14"" WQXGA+/Win11 có giá là 24.590.000đ."
"Laptop Lenovo IdeaPad 5 15ABA7 R5 5625U/8GB/512GB/15.6"" FHD/Win 11 có giá bao nhiêu?","Hiện tại, Laptop Lenovo IdeaPad 5 15ABA7 R5 5625U/8GB/512GB/15.6"" FHD/Win 11 có giá là 13.490.000đ."
"Laptop Acer Nitro Gaming AN515-45-R86D R7 5800H/8GB/512GB/15.6""FHD/GeForce RTX 3060 6GB/Win 11 có giá bao nhiêu?","Hiện tại, Laptop Acer Nitro Gaming AN515-45-R86D R7 5800H/8GB/512GB/15.6""FHD/GeForce RTX 3060 6GB/Win 11 có giá là 26.490.000đ."
"Laptop Acer Nitro 5 Gaming AN515-58-5935 i5 2450H/8GB/512GB/15.6""FHD/RTX4050 6GB/Win11 có giá bao nhiêu?","Hiện tại, Laptop Acer Nitro 5 Gaming AN515-58-5935 i5 2450H/8GB/512GB/15.6""FHD/RTX4050 6GB/Win11 có giá là 25.990.000đ."
"Microsoft Surface Laptop Go i5 1035G1/8GB/128GB/12.4"" Touch/Win10 có giá bao nhiêu?","Hiện tại, Microsoft Surface Laptop Go i5 1035G1/8GB/128GB/12.4"" Touch/Win10 có giá là 14.890.000đ."
"Laptop MSI Gaming Cyborg 15 A12VE-240VN i7 12650H/8GB/512GB/15.6""FHD/GeForce RTX 4050 6GB/Win 11 + Balo có giá bao nhiêu?","Hiện tại, Laptop MSI Gaming Cyborg 15 A12VE-240VN i7 12650H/8GB/512GB/15.6""FHD/GeForce RTX 4050 6GB/Win 11 + Balo có giá là 24.690.000đ."
"Laptop Asus Zenbook Flip UP3404VA-KN038W i5 1340P/16GB/512GB/14"" OLED Touch/Win11 có giá bao nhiêu?","Hiện tại, Laptop Asus Zenbook Flip UP3404VA-KN038W i5 1340P/16GB/512GB/14"" OLED Touch/Win11 có giá là 29.490.000đ."
"Laptop MSI Gaming Katana GF66 12UCK-815VN i5 12450H/8GB/512GB/15.6""/GeForce RTX 3050 4GB/Win11_Balo có giá bao nhiêu?","Hiện tại, Laptop MSI Gaming Katana GF66 12UCK-815VN i5 12450H/8GB/512GB/15.6""/GeForce RTX 3050 4GB/Win11_Balo có giá là 17.990.000đ."
"Laptop Acer Aspire 3 A315-58-53S6 i5 1135G7/8GB/256GB/15.6""FHD/Win 11 có giá bao nhiêu?","Hiện tại, Laptop Acer Aspire 3 A315-58-53S6 i5 1135G7/8GB/256GB/15.6""FHD/Win 11 có giá là 11.490.000đ."
"Laptop Lenovo IdeaPad 3 14IAU7 i3 1215U/8GB/512GB/14""FHD/Win 11 có giá bao nhiêu?","Hiện tại, Laptop Lenovo IdeaPad 3 14IAU7 i3 1215U/8GB/512GB/14""FHD/Win 11 có giá là 14.290.000đ."
"Laptop Lenovo IdeaPad 3 14IAU7 i3 1215U/8GB/512GB/14.0""FHD/Win 11 có giá bao nhiêu?","Hiện tại, Laptop Lenovo IdeaPad 3 14IAU7 i3 1215U/8GB/512GB/14.0""FHD/Win 11 có giá là 14.190.000đ."
"Laptop Acer Swift Edge SFA16-41-R3L6 R7 6800U/16GB/1TB/16"" WQUXGA/Win11 có giá bao nhiêu?","Hiện tại, Laptop Acer Swift Edge SFA16-41-R3L6 R7 6800U/16GB/1TB/16"" WQUXGA/Win11 có giá là 36.990.000đ."
"Laptop MSI Creator M16 B13VE-830VN i7 13700H/16GB/512GB SSD/16""FHD/RTX4050 8GB/Win 11 có giá bao nhiêu?","Hiện tại, Laptop MSI Creator M16 B13VE-830VN i7 13700H/16GB/512GB SSD/16""FHD/RTX4050 8GB/Win 11 có giá là 37.290.000đ."
"Laptop MSI Summit E14 Evo A12M-211VN i7 1280P/16GB/512GB/14""FHD/Win11/Túi/Chuột có giá bao nhiêu?","Hiện tại, Laptop MSI Summit E14 Evo A12M-211VN i7 1280P/16GB/512GB/14""FHD/Win11/Túi/Chuột có giá là 23.290.000đ."
MacBook Pro 16 inch M2 Max 2023 12CPU 38GPU 32GB/1TB có giá bao nhiêu?,"Hiện tại, MacBook Pro 16 inch M2 Max 2023 12CPU 38GPU 32GB/1TB có giá là 85.690.000đ."
MacBook Pro 16 inch M2 Pro 2023 12CPU 19GPU 32GB/512GB có giá bao nhiêu?,"Hiện tại, MacBook Pro 16 inch M2 Pro 2023 12CPU 19GPU 32GB/512GB có giá là 76.990.000đ."
"Laptop MSI Gaming Raider GE68HX 13VG-048VN i7 13700HX/32GB/2TB/16""QHD/RTX4070 8GB/Win11/Balo có giá bao nhiêu?","Hiện tại, Laptop MSI Gaming Raider GE68HX 13VG-048VN i7 13700HX/32GB/2TB/16""QHD/RTX4070 8GB/Win11/Balo có giá là 60.990.000đ."
MacBook Pro 16 inch M2 Pro 2023 12CPU 19GPU 16GB/512GB có giá bao nhiêu?,"Hiện tại, MacBook Pro 16 inch M2 Pro 2023 12CPU 19GPU 16GB/512GB có giá là 58.990.000đ."
MacBook Pro 14 inch M2 Pro 2023 10CPU 16GPU 32GB/512GB có giá bao nhiêu?,"Hiện tại, MacBook Pro 14 inch M2 Pro 2023 10CPU 16GPU 32GB/512GB có giá là 58.490.000đ."
MacBook Pro 14 inch M1 Pro 2021 10CPU 16GPU 16GB/1TB có giá bao nhiêu?,"Hiện tại, MacBook Pro 14 inch M1 Pro 2021 10CPU 16GPU 16GB/1TB có giá là 49.990.000đ."
Laptop Asus Gaming ROG Strix G533ZS-LN036W i9 12900H/32GB/2TB/15.6''WQHD/NVIDIA RTX3080 8GB/Win11 có giá bao nhiêu?,"Hiện tại, Laptop Asus Gaming ROG Strix G533ZS-LN036W i9 12900H/32GB/2TB/15.6''WQHD/NVIDIA RTX3080 8GB/Win11 có giá là 49.990.000đ."
Laptop Asus Zenbook Pro UX6404VV-P4069W i9 13900H/32GB/1TB/14.5” 2.8K/Nvidia RTX 4060 8GB/Win11 có giá bao nhiêu?,"Hiện tại, Laptop Asus Zenbook Pro UX6404VV-P4069W i9 13900H/32GB/1TB/14.5” 2.8K/Nvidia RTX 4060 8GB/Win11 có giá là 49.490.000đ."
"Laptop Microsoft Surface Pro 9 i7 1255U/16GB/256GB/13"" Touchscreen/Win11 có giá bao nhiêu?","Hiện tại, Laptop Microsoft Surface Pro 9 i7 1255U/16GB/256GB/13"" Touchscreen/Win11 có giá là 43.990.000đ."
Laptop Asus Gaming ROG Zephyrus GU603VU-N3898W i7 13620H/16G/512GB/16''/Nvidia RTX 4050 6GB/Win11 có giá bao nhiêu?,"Hiện tại, Laptop Asus Gaming ROG Zephyrus GU603VU-N3898W i7 13620H/16G/512GB/16''/Nvidia RTX 4050 6GB/Win11 có giá là 39.990.000đ."
"Laptop Acer Predator Helios Neo Gaming PHN16-71-7460 i7 13700HX/8GB/512GB/16""WQXGA/RTX4050/Win11 có giá bao nhiêu?","Hiện tại, Laptop Acer Predator Helios Neo Gaming PHN16-71-7460 i7 13700HX/8GB/512GB/16""WQXGA/RTX4050/Win11 có giá là 38.990.000đ."
MacBook Air 15 M2 2023 8CPU 10GPU/8GB/512GB/Sạc 70W có giá bao nhiêu?,"Hiện tại, MacBook Air 15 M2 2023 8CPU 10GPU/8GB/512GB/Sạc 70W có giá là 37.890.000đ."
Laptop Asus Gaming ROG Strix G513RW-HQ152W R9-6900HX/16GB/1TB/Nvidia RTX 3070Ti 8GB/Win11 có giá bao nhiêu?,"Hiện tại, Laptop Asus Gaming ROG Strix G513RW-HQ152W R9-6900HX/16GB/1TB/Nvidia RTX 3070Ti 8GB/Win11 có giá là 36.990.000đ."
MacBook Air 15 inch M2 2023 8CPU 10GPU 16GB/256GB có giá bao nhiêu?,"Hiện tại, MacBook Air 15 inch M2 2023 8CPU 10GPU 16GB/256GB có giá là 36.490.000đ."
MacBook Pro 13 inch M2 2022 8CPU 10GPU 16GB/256GB có giá bao nhiêu?,"Hiện tại, MacBook Pro 13 inch M2 2022 8CPU 10GPU 16GB/256GB có giá là 35.490.000đ."
"Laptop LG Gram 14Z90R-G.AH75A5 i7 1360P/16G/512G/14""WUXGA/Win11 có giá bao nhiêu?","Hiện tại, Laptop LG Gram 14Z90R-G.AH75A5 i7 1360P/16G/512G/14""WUXGA/Win11 có giá là 35.000.000đ."
"Laptop Lenovo Gaming Legion 5 Pro 16ARH7H R7 6800H/16GB/512GB/16""/Nvidia RTX 3060 6GB/Win 11 có giá bao nhiêu?","Hiện tại, Laptop Lenovo Gaming Legion 5 Pro 16ARH7H R7 6800H/16GB/512GB/16""/Nvidia RTX 3060 6GB/Win 11 có giá là 44.490.000đ."
MacBook Air 13 inch M2 2022 8CPU 8GPU 16GB/256GB có giá bao nhiêu?,"Hiện tại, MacBook Air 13 inch M2 2022 8CPU 8GPU 16GB/256GB có giá là 31.690.000đ."
MacBook Air 15 inch M2 2023 8CPU 10GPU 8GB/256GB có giá bao nhiêu?,"Hiện tại, MacBook Air 15 inch M2 2023 8CPU 10GPU 8GB/256GB có giá là 31.490.000đ."
"Laptop Asus Zenbook Flip UP3404VA-KN039W i7 1360P/16GB/512GB/14"" OLED Touch/Win11 có giá bao nhiêu?","Hiện tại, Laptop Asus Zenbook Flip UP3404VA-KN039W i7 1360P/16GB/512GB/14"" OLED Touch/Win11 có giá là 30.490.000đ."
MacBook Pro 13 inch M2 2022 8CPU 10GPU 8GB/256GB có giá bao nhiêu?,"Hiện tại, MacBook Pro 13 inch M2 2022 8CPU 10GPU 8GB/256GB có giá là 29.890.000đ."
"Laptop Gigabyte Gaming Aorus 15 9MF-E2VN583SH i5 12500H/8GB/512GB/15.6""FHD/Nvidia RTX 4050 6GB/Win11 có giá bao nhiêu?","Hiện tại, Laptop Gigabyte Gaming Aorus 15 9MF-E2VN583SH i5 12500H/8GB/512GB/15.6""FHD/Nvidia RTX 4050 6GB/Win11 có giá là 28.990.000đ."
Laptop Asus TUF Gaming FX507ZU4-LP520W i7 12700H/8GB/512GB/15.6'' FHD/NVIDIA RTX 4050 6GB/Win11 có giá bao nhiêu?,"Hiện tại, Laptop Asus TUF Gaming FX507ZU4-LP520W i7 12700H/8GB/512GB/15.6'' FHD/NVIDIA RTX 4050 6GB/Win11 có giá là 27.990.000đ."
MacBook Air 13 inch M1 2020 8CPU 7GPU 16GB/256GB có giá bao nhiêu?,"Hiện tại, MacBook Air 13 inch M1 2020 8CPU 7GPU 16GB/256GB có giá là 27.990.000đ."
"Laptop MSI Gaming Cyborg 15 A12VF-267VN i7 12650H/8GB/512GB/15.6""FHD/GeForce RTX 4060 8GB/Win11/Balo có giá bao nhiêu?","Hiện tại, Laptop MSI Gaming Cyborg 15 A12VF-267VN i7 12650H/8GB/512GB/15.6""FHD/GeForce RTX 4060 8GB/Win11/Balo có giá là 27.190.000đ."
MacBook Air 13 inch M2 2022 8CPU 8GPU 8GB/256GB có giá bao nhiêu?,"Hiện tại, MacBook Air 13 inch M2 2022 8CPU 8GPU 8GB/256GB có giá là 26.990.000đ."
"Laptop Acer Swift 3 SF314-512-741L i7 1260P/16GB/1T/14"" QHD/Win11 có giá bao nhiêu?","Hiện tại, Laptop Acer Swift 3 SF314-512-741L i7 1260P/16GB/1T/14"" QHD/Win11 có giá là 29.990.000đ."
"Laptop LG Gram 14Z90R-G.AH53A5 i5 1340P/16GB/256GB/14""WUXGA/Win11 có giá bao nhiêu?","Hiện tại, Laptop LG Gram 14Z90R-G.AH53A5 i5 1340P/16GB/256GB/14""WUXGA/Win11 có giá là 25.990.000đ."
"Laptop Asus Vivobook Flip TP3402VA-LZ118W i9 13900H/16GB/512GB/14""Touch/Win11 có giá bao nhiêu?","Hiện tại, Laptop Asus Vivobook Flip TP3402VA-LZ118W i9 13900H/16GB/512GB/14""Touch/Win11 có giá là 23.990.000đ."
"Laptop Dell Inspiron 14 2in1 T7430 i5 1335U/8GB/512GB/14.0""FHD/ Win11/Office HS21/Bút có giá bao nhiêu?","Hiện tại, Laptop Dell Inspiron 14 2in1 T7430 i5 1335U/8GB/512GB/14.0""FHD/ Win11/Office HS21/Bút có giá là 23.490.000đ."
"Laptop HP Pavilion 14-dv2071TU i7 1255U/16GB/512GB/14""FHD/Win11 có giá bao nhiêu?","Hiện tại, Laptop HP Pavilion 14-dv2071TU i7 1255U/16GB/512GB/14""FHD/Win11 có giá là 24.690.000đ."
"Laptop Acer Aspire 7 Gaming A715-76G-5806 i5 12450H/16GB/512GB/15.6""FHD/GeForce RTX3050/Win11 có giá bao nhiêu?","Hiện tại, Laptop Acer Aspire 7 Gaming A715-76G-5806 i5 12450H/16GB/512GB/15.6""FHD/GeForce RTX3050/Win11 có giá là 19.990.000đ."
"Laptop Dell Inspiron 15 N3520 i7 1255U/8GB/512GB/15.6""FHD/Win11/Office HS21 có giá bao nhiêu?","Hiện tại, Laptop Dell Inspiron 15 N3520 i7 1255U/8GB/512GB/15.6""FHD/Win11/Office HS21 có giá là 19.690.000đ."
MacBook Air 13 inch M1 2020 8CPU 7GPU 8GB/256GB có giá bao nhiêu?,"Hiện tại, MacBook Air 13 inch M1 2020 8CPU 7GPU 8GB/256GB có giá là 19.190.000đ."
"Laptop Lenovo ThinkPad E14 Gen 3 R7 5700U/8GB/512GB/14.0""FHD/Win 10 có giá bao nhiêu?","Hiện tại, Laptop Lenovo ThinkPad E14 Gen 3 R7 5700U/8GB/512GB/14.0""FHD/Win 10 có giá là 18.990.000đ."
"Laptop MSI Gaming GF63 Thin 12UC-1006VN i5 12450H/16GB/512GB/15.6""FHD/Nvidia RTX 3050 4GB/Win11 có giá bao nhiêu?","Hiện tại, Laptop MSI Gaming GF63 Thin 12UC-1006VN i5 12450H/16GB/512GB/15.6""FHD/Nvidia RTX 3050 4GB/Win11 có giá là 18.890.000đ."
Laptop VAIO FE14 i5 1235U/8GB/512GB/14'' FHD/Intel UHD/Win11/VWNC51427-BK có giá bao nhiêu?,"Hiện tại, Laptop VAIO FE14 i5 1235U/8GB/512GB/14'' FHD/Intel UHD/Win11/VWNC51427-BK có giá là 16.990.000đ."
"Laptop Lenovo Yoga 7 14ACN6 R7 5800U/8GB/512GB/14.0""FHD/Win 10 có giá bao nhiêu?","Hiện tại, Laptop Lenovo Yoga 7 14ACN6 R7 5800U/8GB/512GB/14.0""FHD/Win 10 có giá là 16.990.000đ."
"Laptop MSI Modern 15 B13M-438VN i5 1335U/8GB/512GB/15.6""FHD/Win11 có giá bao nhiêu?","Hiện tại, Laptop MSI Modern 15 B13M-438VN i5 1335U/8GB/512GB/15.6""FHD/Win11 có giá là 18.090.000đ."
"Laptop MSI Gaming GF63 12UCX-841VN i5 12450H/8GB/512GB/15.6"" FHD/RTX2050_4GB/Win11 có giá bao nhiêu?","Hiện tại, Laptop MSI Gaming GF63 12UCX-841VN i5 12450H/8GB/512GB/15.6"" FHD/RTX2050_4GB/Win11 có giá là 16.490.000đ."
"Laptop MSI Modern 15 B7M-238VN R7 7730U/16GB/512GB/15.6""FHD/Win 11 có giá bao nhiêu?","Hiện tại, Laptop MSI Modern 15 B7M-238VN R7 7730U/16GB/512GB/15.6""FHD/Win 11 có giá là 15.490.000đ."
"Laptop HP Pavilion 15 eg2037TX i5 1235U/8GB/256GB/15.6""FHD/GeForce MX550 2GB/Win 11 có giá bao nhiêu?","Hiện tại, Laptop HP Pavilion 15 eg2037TX i5 1235U/8GB/256GB/15.6""FHD/GeForce MX550 2GB/Win 11 có giá là 14.990.000đ."
"Laptop HP 15s fq5161TU i5 1235U/8GB/512GB/15.6""FHD/Win 11 có giá bao nhiêu?","Hiện tại, Laptop HP 15s fq5161TU i5 1235U/8GB/512GB/15.6""FHD/Win 11 có giá là 14.690.000đ."
"Laptop HP Pavilion 15 eg2058TU i5 1240P/8GB/256GB/15.6""FHD/Win 11 có giá bao nhiêu?","Hiện tại, Laptop HP Pavilion 15 eg2058TU i5 1240P/8GB/256GB/15.6""FHD/Win 11 có giá là 14.490.000đ."
"Laptop MSI Modern 15 B12MO-628VN i5 1235U/16GB/512GB/15.6""FHD/Win11 có giá bao nhiêu?","Hiện tại, Laptop MSI Modern 15 B12MO-628VN i5 1235U/16GB/512GB/15.6""FHD/Win11 có giá là 13.990.000đ."
"Laptop HP Pavilion 14 dv2035TU i5 1235U/8GB/256GB/14""FHD/Win 11 có giá bao nhiêu?","Hiện tại, Laptop HP Pavilion 14 dv2035TU i5 1235U/8GB/256GB/14""FHD/Win 11 có giá là 13.990.000đ."
"Laptop HP Pavilion 14 dv2036TU i5 1235U/8GB/256GB/14""FHD/Win 11 có giá bao nhiêu?","Hiện tại, Laptop HP Pavilion 14 dv2036TU i5 1235U/8GB/256GB/14""FHD/Win 11 có giá là 13.990.000đ."
"Laptop HP 15s-fq5081TU i5-1235U/8GB/256GB/15.6""HD/Win 11 có giá bao nhiêu?","Hiện tại, Laptop HP 15s-fq5081TU i5-1235U/8GB/256GB/15.6""HD/Win 11 có giá là 15.890.000đ."
"Laptop Lenovo V14 G3 IAP i5-1235U/8GB/512GB/14.0""FHD/Win 11 có giá bao nhiêu?","Hiện tại, Laptop Lenovo V14 G3 IAP i5-1235U/8GB/512GB/14.0""FHD/Win 11 có giá là 11.490.000đ."
"Laptop Lenovo IdeaPad 1 15ALC7 R5 5500U/16GB/512GB/15.6"" FHD/Win11 có giá bao nhiêu?","Hiện tại, Laptop Lenovo IdeaPad 1 15ALC7 R5 5500U/16GB/512GB/15.6"" FHD/Win11 có giá là 11.290.000đ."
"Laptop Asus Vivobook A515EA-BQ3013W/i3-1115G4/8GB/256GB/15.6""FHD/Win 11 có giá bao nhiêu?","Hiện tại, Laptop Asus Vivobook A515EA-BQ3013W/i3-1115G4/8GB/256GB/15.6""FHD/Win 11 có giá là 10.490.000đ."
"Laptop MSI Gaming Creator Z16 HX Studio B13VFTO-063VN i7 13700HX/32GB/2TB/16""FHD/RTX4060 8GB/Win11 có giá bao nhiêu?","Hiện tại, Laptop MSI Gaming Creator Z16 HX Studio B13VFTO-063VN i7 13700HX/32GB/2TB/16""FHD/RTX4060 8GB/Win11 có giá là 63.990.000đ."
Laptop Asus Zenbook Pro Duo UX8402VU-P1028W i9 13900H/32GB/1TB/14.5”/Nvidia RTX 4050 6GB/Win11 có giá bao nhiêu?,"Hiện tại, Laptop Asus Zenbook Pro Duo UX8402VU-P1028W i9 13900H/32GB/1TB/14.5”/Nvidia RTX 4050 6GB/Win11 có giá là 62.990.000đ."
Laptop Asus Gaming ROG Strix G614JI-N4084W i7 13650HX/16GB/1TB/16.0”/Nvidia RTX 4070 8GB/Win11 có giá bao nhiêu?,"Hiện tại, Laptop Asus Gaming ROG Strix G614JI-N4084W i7 13650HX/16GB/1TB/16.0”/Nvidia RTX 4070 8GB/Win11 có giá là 54.490.000đ."
"Laptop MSI Gaming Creator Z16 A12UET-025VN i7 12700H/16GB/1TB/16""QHD+/Nvidia RTX 3060 6GB/Win 11/Túi có giá bao nhiêu?","Hiện tại, Laptop MSI Gaming Creator Z16 A12UET-025VN i7 12700H/16GB/1TB/16""QHD+/Nvidia RTX 3060 6GB/Win 11/Túi có giá là 47.590.000đ."
"Laptop Lenovo Gaming Legion Slim 5 16IRH8 i7 13700H/16G/512G/16""WQXGA/RTX4060_8GB/Win11 có giá bao nhiêu?","Hiện tại, Laptop Lenovo Gaming Legion Slim 5 16IRH8 i7 13700H/16G/512G/16""WQXGA/RTX4060_8GB/Win11 có giá là 42.990.000đ."
"Laptop Lenovo Gaming LOQ 15IRH8 i5-13420H/8GB/512GB/15.6""FHD/RTX4050 6GB/Win11 có giá bao nhiêu?","Hiện tại, Laptop Lenovo Gaming LOQ 15IRH8 i5-13420H/8GB/512GB/15.6""FHD/RTX4050 6GB/Win11 có giá là 29.990.000đ."
"Laptop Lenovo ThinkBook 14p G3 ARH R5-6600H/16GB/512GB/14.0""2.2K/Win 11 có giá bao nhiêu?","Hiện tại, Laptop Lenovo ThinkBook 14p G3 ARH R5-6600H/16GB/512GB/14.0""2.2K/Win 11 có giá là 26.890.000đ."
"Laptop Gigabyte Gaming G5 MF-F2VN333SH i5 12450H/8GB/512GB/15.6"" FHD/RTX4050_6GB/Win11 có giá bao nhiêu?","Hiện tại, Laptop Gigabyte Gaming G5 MF-F2VN333SH i5 12450H/8GB/512GB/15.6"" FHD/RTX4050_6GB/Win11 có giá là 21.990.000đ."
"Laptop Asus Vivobook A515EA-L12033W i5 1135G7/8GB/512GB/15.6""FHD/Win 11 có giá bao nhiêu?","Hiện tại, Laptop Asus Vivobook A515EA-L12033W i5 1135G7/8GB/512GB/15.6""FHD/Win 11 có giá là 19.990.000đ."
"Laptop Lenovo Ideapad Gaming 3 15ARH7 R5 6600H/16GB/512GB/15.6""FHD/Nvidia RTX 3050 4GB/Win11 có giá bao nhiêu?","Hiện tại, Laptop Lenovo Ideapad Gaming 3 15ARH7 R5 6600H/16GB/512GB/15.6""FHD/Nvidia RTX 3050 4GB/Win11 có giá là 18.990.000đ."
"Laptop Asus Vivobook E1404FA-NK186W R5 7520U/16GB/512GB/14"" FHD/Win11 sử dụng card đồ họa gì?","Laptop Asus Vivobook E1404FA-NK186W R5 7520U/16GB/512GB/14"" FHD/Win11 sử dụng card đồ họa AMD Radeon Graphics."
"Laptop Lenovo IdeaPad 3 15ITL6 i5 1155G7/16GB/512GB/15.6""FHD/Win11 sử dụng card đồ họa gì?","Laptop Lenovo IdeaPad 3 15ITL6 i5 1155G7/16GB/512GB/15.6""FHD/Win11 sử dụng card đồ họa Intel Iris Xe Graphics."
Laptop Acer Swift 3 SF314-43-R4X3 R5 5500U/16GB/512GB SSD/Win11 sử dụng card đồ họa gì?,Laptop Acer Swift 3 SF314-43-R4X3 R5 5500U/16GB/512GB SSD/Win11 sử dụng card đồ họa AMD Radeon Graphics.
"Laptop Dell Inspiron 15 N3520 i5 1235U/8GB/256GB/15.6""FHD/Win 11/Office HS21 sử dụng card đồ họa gì?","Laptop Dell Inspiron 15 N3520 i5 1235U/8GB/256GB/15.6""FHD/Win 11/Office HS21 sử dụng card đồ họa Intel Iris Xe Graphics."
"Laptop MSI Modern 14 C7M-221VN R7 7730U/8GB/512GB/14"" FHD IPS/Win 11 sử dụng card đồ họa gì?","Laptop MSI Modern 14 C7M-221VN R7 7730U/8GB/512GB/14"" FHD IPS/Win 11 sử dụng card đồ họa AMD Radeon Graphics."
"Laptop Asus Vivobook Flip TN3402YA-LZ188W R5-7530U/16GB/512GB/14"" Touch/Win11 sử dụng card đồ họa gì?","Laptop Asus Vivobook Flip TN3402YA-LZ188W R5-7530U/16GB/512GB/14"" Touch/Win11 sử dụng card đồ họa Intel UHD Graphics."
"Laptop MSI Gaming GF63 Thin 11SC-664VN i5 11400H/8GB/512GB/15.6""FHD/GeForce GTX 1650 4GB/Win 11 sử dụng card đồ họa gì?","Laptop MSI Gaming GF63 Thin 11SC-664VN i5 11400H/8GB/512GB/15.6""FHD/GeForce GTX 1650 4GB/Win 11 sử dụng card đồ họa NVIDIA GeForce GTX 1650 4GB."
"Laptop Lenovo IdeaPad 1 15AMN7 R5 7520U/8GB/512GB/15.6""FHD/Win 11 sử dụng card đồ họa gì?","Laptop Lenovo IdeaPad 1 15AMN7 R5 7520U/8GB/512GB/15.6""FHD/Win 11 sử dụng card đồ họa AMD Radeon Graphics."
Laptop HP 14s-em0086AU R5 7520U/16GB/512GB/14''FHD/AMD Radeon Graphics/Win11 sử dụng card đồ họa gì?,Laptop HP 14s-em0086AU R5 7520U/16GB/512GB/14''FHD/AMD Radeon Graphics/Win11 sử dụng card đồ họa AMD Radeon Graphics.
"Laptop MSI Gaming Thin GF63 12VE-454VN i5 12450H/16GB/512GB/15.6"" FHD/GeForce RTX4050_6GB/Win 11 sử dụng card đồ họa gì?","Laptop MSI Gaming Thin GF63 12VE-454VN i5 12450H/16GB/512GB/15.6"" FHD/GeForce RTX4050_6GB/Win 11 sử dụng card đồ họa NVIDIA GeForce RTX 4050 6GB GDDR6; Intel Iris Xe Graphics."
"Laptop Lenovo IdeaPad 3 14IAH8 i5 12450H/16GB/512GB/14""FHD/Win11 sử dụng card đồ họa gì?","Laptop Lenovo IdeaPad 3 14IAH8 i5 12450H/16GB/512GB/14""FHD/Win11 sử dụng card đồ họa Intel UHD Graphics."
"Laptop Asus TUF Gaming FX506HC-HN144W i5 11400H/8GB/512GB/15.6""FHD/GeForce RTX 3050 4GB/Win 11 sử dụng card đồ họa gì?","Laptop Asus TUF Gaming FX506HC-HN144W i5 11400H/8GB/512GB/15.6""FHD/GeForce RTX 3050 4GB/Win 11 sử dụng card đồ họa NVIDIA GeForce RTX 3050 4GB; Intel UHD Graphics."
"Laptop Acer Nitro 5 Gaming AN515-57-53F9 i5 11400H/8GB/512GB/15.6""FHD/RTX3050 4GB/Win11 sử dụng card đồ họa gì?","Laptop Acer Nitro 5 Gaming AN515-57-53F9 i5 11400H/8GB/512GB/15.6""FHD/RTX3050 4GB/Win11 sử dụng card đồ họa NVIDIA GeForce RTX 3050 4GB."
"Laptop Asus Vivobook X415EA-EK1387W i3 1115G4/8GB/256GB/14"" FHD/Win 11 sử dụng card đồ họa gì?","Laptop Asus Vivobook X415EA-EK1387W i3 1115G4/8GB/256GB/14"" FHD/Win 11 sử dụng card đồ họa Intel UHD Graphics."
"Laptop HP Pavilion 14-dv2075TU i5 1235U/8GB/512GB SSD/14""FHD/Win11 sử dụng card đồ họa gì?","Laptop HP Pavilion 14-dv2075TU i5 1235U/8GB/512GB SSD/14""FHD/Win11 sử dụng card đồ họa Intel Iris Xe Graphics."
"Laptop Acer Aspire 7 Gaming A715-76-57CY i5 12450H/8G/512G/15.6""FHD/Win11 sử dụng card đồ họa gì?","Laptop Acer Aspire 7 Gaming A715-76-57CY i5 12450H/8G/512G/15.6""FHD/Win11 sử dụng card đồ họa Intel UHD Graphics."
"Laptop Asus TUF Gaming FX507ZC4-HN095W i5 12500H/16GB/512GB/15.6""/Nvidia RTX 3050 4GB/Win1 sử dụng card đồ họa gì?","Laptop Asus TUF Gaming FX507ZC4-HN095W i5 12500H/16GB/512GB/15.6""/Nvidia RTX 3050 4GB/Win1 sử dụng card đồ họa NVIDIA GeForce RTX 3050 4GB; Intel Iris Xe Graphics."
"Laptop Acer Aspire 7 Gaming A715-43G-R09Q R5 5625U/16GB/512GB/15.6""FHD/NVIDIA RTX3050/Win11 sử dụng card đồ họa gì?","Laptop Acer Aspire 7 Gaming A715-43G-R09Q R5 5625U/16GB/512GB/15.6""FHD/NVIDIA RTX3050/Win11 sử dụng card đồ họa NVIDIA GeForce RTX 3050 4GB."
"Laptop Asus TUF Gaming FX517ZC-HN077W i5 12450H/8GB/512GB/15.6""FHD/GeForce RTX 3050 4GB/Win 11 sử dụng card đồ họa gì?","Laptop Asus TUF Gaming FX517ZC-HN077W i5 12450H/8GB/512GB/15.6""FHD/GeForce RTX 3050 4GB/Win 11 sử dụng card đồ họa NVIDIA GeForce RTX 3050 4GB; Intel UHD Graphics."
"Laptop MSI Gaming GF63 Thin 11UC-1228VN i7-11800H/8GB/512GB/15.6""FHD/GeForce RTX3050_4GB/Win11 sử dụng card đồ họa gì?","Laptop MSI Gaming GF63 Thin 11UC-1228VN i7-11800H/8GB/512GB/15.6""FHD/GeForce RTX3050_4GB/Win11 sử dụng card đồ họa NVIDIA GeForce RTX 3050 4GB."
"Laptop MSI Modern 15 B7M-099VN R5 7530U/8GB/512GB/15.6""FHD/Win 11 sử dụng card đồ họa gì?","Laptop MSI Modern 15 B7M-099VN R5 7530U/8GB/512GB/15.6""FHD/Win 11 sử dụng card đồ họa AMD Radeon Graphics."
"Laptop MSI Modern 14 C7M-220VN R5 7530U/8GB/512GB/14""FHD/Win 11 sử dụng card đồ họa gì?","Laptop MSI Modern 14 C7M-220VN R5 7530U/8GB/512GB/14""FHD/Win 11 sử dụng card đồ họa AMD Radeon Graphics."
Laptop Asus TUF Gaming FX506HE-HN377W i7 11800H/8GB/512GB/15.6”/Nvidia RTX 3050Ti 4GB/Win11 sử dụng card đồ họa gì?,Laptop Asus TUF Gaming FX506HE-HN377W i7 11800H/8GB/512GB/15.6”/Nvidia RTX 3050Ti 4GB/Win11 sử dụng card đồ họa NVIDIA GeForce RTX 3050 Ti 4 GB.
"Laptop HP 15s fq2711TU i3 1115G4/8GB/256GB/15.6""FHD/Win 11 sử dụng card đồ họa gì?","Laptop HP 15s fq2711TU i3 1115G4/8GB/256GB/15.6""FHD/Win 11 sử dụng card đồ họa Intel UHD Graphics."
"Laptop Lenovo Ideapad 3 15ITL6 i5 1155G7/8GB/256GB/15.6""FHD/Win 11 sử dụng card đồ họa gì?","Laptop Lenovo Ideapad 3 15ITL6 i5 1155G7/8GB/256GB/15.6""FHD/Win 11 sử dụng card đồ họa Intel Iris Xe Graphics."
"Laptop MSI Modern 15 B7M-098VN R7 7730U/8GB/512GB/15.6""FHD/Win 11 sử dụng card đồ họa gì?","Laptop MSI Modern 15 B7M-098VN R7 7730U/8GB/512GB/15.6""FHD/Win 11 sử dụng card đồ họa AMD Radeon Graphics."
"Laptop Asus Vivobook X515EA-EJ322W i3 1115G4/8GB/512GB/15.6"" FHD/Win 11 sử dụng card đồ họa gì?","Laptop Asus Vivobook X515EA-EJ322W i3 1115G4/8GB/512GB/15.6"" FHD/Win 11 sử dụng card đồ họa Intel UHD Graphics."
"Laptop Lenovo Ideapad Gaming 3 15ARH7 R5 7535HS/8GB/512GB/15.6""FHD/Nvidia RTX 4050 6GB/Win11 sử dụng card đồ họa gì?","Laptop Lenovo Ideapad Gaming 3 15ARH7 R5 7535HS/8GB/512GB/15.6""FHD/Nvidia RTX 4050 6GB/Win11 sử dụng card đồ họa NVIDIA GeForce RTX 4050 6GB GDDR6."
Laptop Acer Nitro 5 Tiger Gaming AN515-58-52SP i5 12500H/8GB/512GB SSD/GeForce RTX 3050 4GB/Win11 sử dụng card đồ họa gì?,Laptop Acer Nitro 5 Tiger Gaming AN515-58-52SP i5 12500H/8GB/512GB SSD/GeForce RTX 3050 4GB/Win11 sử dụng card đồ họa NVIDIA GeForce RTX 3050 4GB; Intel Iris Xe Graphics.
"Laptop Huawei MateBook D15 R7 5700U/8GB/512GB/15.6""FHD/Win11 sử dụng card đồ họa gì?","Laptop Huawei MateBook D15 R7 5700U/8GB/512GB/15.6""FHD/Win11 sử dụng card đồ họa AMD Radeon Graphics."
Laptop Acer Nitro Gaming AN515-57-5669 i5 11400H/8GB/512GB SSD/GeForce GTX 1650 4GB/Win11 sử dụng card đồ họa gì?,Laptop Acer Nitro Gaming AN515-57-5669 i5 11400H/8GB/512GB SSD/GeForce GTX 1650 4GB/Win11 sử dụng card đồ họa NVIDIA GeForce GTX 1650 4GB; Intel UHD Graphics.
Laptop Asus Vivobook M3504YA-L1268W R5 7530U/16GB/512GB/15.6''OLED/Win11 sử dụng card đồ họa gì?,Laptop Asus Vivobook M3504YA-L1268W R5 7530U/16GB/512GB/15.6''OLED/Win11 sử dụng card đồ họa Intel Iris Xe Graphics.
"Laptop Asus Vivobook  A1503ZA-L1139W i5 12500H/8GB/512GB/15.6""FHD/Win 11 sử dụng card đồ họa gì?","Laptop Asus Vivobook  A1503ZA-L1139W i5 12500H/8GB/512GB/15.6""FHD/Win 11 sử dụng card đồ họa Intel UHD Graphics."
Laptop CHUWI GemiBook Celeron J4125/8GB/256GB/13''IPS/Win 10 sử dụng card đồ họa gì?,Laptop CHUWI GemiBook Celeron J4125/8GB/256GB/13''IPS/Win 10 sử dụng card đồ họa Intel HD Graphics.
"Laptop Asus Vivobook X1502ZA-BQ126W i5 1240P/8GB/512GB/15.6""FHD/Iris Xe Graphics/Win 11 sử dụng card đồ họa gì?","Laptop Asus Vivobook X1502ZA-BQ126W i5 1240P/8GB/512GB/15.6""FHD/Iris Xe Graphics/Win 11 sử dụng card đồ họa Intel Iris Xe Graphics."
Laptop Acer Aspire 3 A315-57G-573F i5 1035G1/8GB/512GB SSD/GeForce MX330 2GB/Win11 sử dụng card đồ họa gì?,Laptop Acer Aspire 3 A315-57G-573F i5 1035G1/8GB/512GB SSD/GeForce MX330 2GB/Win11 sử dụng card đồ họa NVIDIA GeForce MX330 2GB; Intel UHD Graphics.
Laptop Asus Vivobook X515EA-EJ4111W i5 1135G7/16GB/512GB/15.6”FHD/Win11 sử dụng card đồ họa gì?,Laptop Asus Vivobook X515EA-EJ4111W i5 1135G7/16GB/512GB/15.6”FHD/Win11 sử dụng card đồ họa Intel UHD Graphics.
"Laptop Lenovo Ideapad 3 15IAU7 i7 1255U/16GB/512GB/15.6""FHD/Win 11 sử dụng card đồ họa gì?","Laptop Lenovo Ideapad 3 15IAU7 i7 1255U/16GB/512GB/15.6""FHD/Win 11 sử dụng card đồ họa Intel Iris Xe Graphics."
Laptop Asus Vivobook 15 OLED A1505VA-L1113W i5 13500H/16GB/512GB/15.6''FHD/Win11 sử dụng card đồ họa gì?,Laptop Asus Vivobook 15 OLED A1505VA-L1113W i5 13500H/16GB/512GB/15.6''FHD/Win11 sử dụng card đồ họa Intel UHD Graphics.
"Laptop Lenovo Ideapad Slim 5 Light 14ABR8 R7 7730U/16GB/512GB/14.0""FHD/Win11 sử dụng card đồ họa gì?","Laptop Lenovo Ideapad Slim 5 Light 14ABR8 R7 7730U/16GB/512GB/14.0""FHD/Win11 sử dụng card đồ họa AMD Radeon Graphics."
"Laptop Asus Vivobook A1405VA-KM059W i5 13500H/8GB/512GB/14"" OLED WQXGA+/Win11 sử dụng card đồ họa gì?","Laptop Asus Vivobook A1405VA-KM059W i5 13500H/8GB/512GB/14"" OLED WQXGA+/Win11 sử dụng card đồ họa Intel UHD Graphics."
Laptop HP Gaming Victus 16-e1104AX R7 6800H/8GB/512GB/16.1''FHD/Nvidia RTX 3050 4GB/Win11 sử dụng card đồ họa gì?,Laptop HP Gaming Victus 16-e1104AX R7 6800H/8GB/512GB/16.1''FHD/Nvidia RTX 3050 4GB/Win11 sử dụng card đồ họa NVIDIA GeForce RTX 3050 4GB.
Laptop Asus TUF Gaming FA507NV-LP046W R7 7735HS/8GB/512GB/GeForce RTX 4060 8GB/Win11 sử dụng card đồ họa gì?,Laptop Asus TUF Gaming FA507NV-LP046W R7 7735HS/8GB/512GB/GeForce RTX 4060 8GB/Win11 sử dụng card đồ họa NVIDIA GeForce RTX 4060 8GB; AMD Radeon Graphics.
"Laptop HP 245 G10 R5 7520U/8GB/256GB/14""FHD/Win11 sử dụng card đồ họa gì?","Laptop HP 245 G10 R5 7520U/8GB/256GB/14""FHD/Win11 sử dụng card đồ họa AMD Radeon Graphics."
"Laptop Acer Aspire 3 A315-59-31BT i3 1215U/8GB/256GB/15.6""FHD/Win11 sử dụng card đồ họa gì?","Laptop Acer Aspire 3 A315-59-31BT i3 1215U/8GB/256GB/15.6""FHD/Win11 sử dụng card đồ họa Intel UHD Graphics."
"Laptop Lenovo Ideapad 3 15IAU7 i5 1235U/8GB/512GB/15.6""FHD/Win 11 sử dụng card đồ họa gì?","Laptop Lenovo Ideapad 3 15IAU7 i5 1235U/8GB/512GB/15.6""FHD/Win 11 sử dụng card đồ họa Intel Iris Xe Graphics."
Laptop Acer Swift 3 SF314-511-55QE i5 1135G7/16GB/512GB SSD/Win11 sử dụng card đồ họa gì?,Laptop Acer Swift 3 SF314-511-55QE i5 1135G7/16GB/512GB SSD/Win11 sử dụng card đồ họa Intel Iris Xe Graphics.
Laptop HP 14s-dq2644TU i3 1115G4/8GB/256GB/14''FHD/Win11 sử dụng card đồ họa gì?,Laptop HP 14s-dq2644TU i3 1115G4/8GB/256GB/14''FHD/Win11 sử dụng card đồ họa Intel UHD Graphics.
"Laptop HP 15s fq5160TU i5 1235U/16GB/512GB/15.6""FHD/Win 11 sử dụng card đồ họa gì?","Laptop HP 15s fq5160TU i5 1235U/16GB/512GB/15.6""FHD/Win 11 sử dụng card đồ họa Intel Iris Xe Graphics."
"Laptop Asus Vivobook E1504FA-NJ426W R3 7320U/8GB/256GB/15.6"" FHD/Win11 sử dụng card đồ họa gì?","Laptop Asus Vivobook E1504FA-NJ426W R3 7320U/8GB/256GB/15.6"" FHD/Win11 sử dụng card đồ họa Intel UHD Graphics."
"Laptop Asus Zenbook UX3402ZA-KM218W i5 1240P/8GB/512GB/14.0""OLED WQXGA/Win 11 sử dụng card đồ họa gì?","Laptop Asus Zenbook UX3402ZA-KM218W i5 1240P/8GB/512GB/14.0""OLED WQXGA/Win 11 sử dụng card đồ họa Intel Iris Xe Graphics."
"Laptop Acer Nitro Gaming AN515-58-769J i7 12700H/8GB/512GB/15.6""FHD/GeForce RTX 3050 4GB/Win11 sử dụng card đồ họa gì?","Laptop Acer Nitro Gaming AN515-58-769J i7 12700H/8GB/512GB/15.6""FHD/GeForce RTX 3050 4GB/Win11 sử dụng card đồ họa NVIDIA GeForce RTX 3050 4GB."
"Laptop HP 15s fq2712TU i3 1115G4/8GB/256GB/15.6""FHD/Win 11 sử dụng card đồ họa gì?","Laptop HP 15s fq2712TU i3 1115G4/8GB/256GB/15.6""FHD/Win 11 sử dụng card đồ họa Intel UHD Graphics."
"Laptop Lenovo IdeaPad Slim 5 16IAH8 i5 12450H/16GB/512GB/16""WUXGA/Win11 sử dụng card đồ họa gì?","Laptop Lenovo IdeaPad Slim 5 16IAH8 i5 12450H/16GB/512GB/16""WUXGA/Win11 sử dụng card đồ họa Intel UHD Graphics."
"Laptop MSI Gaming Alpha 15 B5EEK-203VN R5 5600H/8GB/512GB/15.6""FHD/RX6600M 8GB/Win 11_Balo sử dụng card đồ họa gì?","Laptop MSI Gaming Alpha 15 B5EEK-203VN R5 5600H/8GB/512GB/15.6""FHD/RX6600M 8GB/Win 11_Balo sử dụng card đồ họa AMD Radeon RX 6600M 8GB; AMD Radeon Graphics Vega 6."
"Laptop Gigabyte Gaming A5 K1-AVN1030SB R5 5600H/8GB/512GB/15.6""FHD/Nvidia RTX 3060 6GB/Win11 sử dụng card đồ họa gì?","Laptop Gigabyte Gaming A5 K1-AVN1030SB R5 5600H/8GB/512GB/15.6""FHD/Nvidia RTX 3060 6GB/Win11 sử dụng card đồ họa NVIDIA GeForce RTX 3060 6GB; AMD Radeon RX Graphics Vega 7."
"Laptop Acer Aspire 3 A315-58-54M5 i5 1135G7/8GB/512GB/15.6""FHD/Win 11 sử dụng card đồ họa gì?","Laptop Acer Aspire 3 A315-58-54M5 i5 1135G7/8GB/512GB/15.6""FHD/Win 11 sử dụng card đồ họa Intel Iris Xe Graphics."
"Laptop Huawei MateBook D14 BE i3 1215U/8GB/256GB/14""FHD+/Win11 sử dụng card đồ họa gì?","Laptop Huawei MateBook D14 BE i3 1215U/8GB/256GB/14""FHD+/Win11 sử dụng card đồ họa Intel UHD Graphics."
"Laptop Lenovo Gaming Legion 5 15ARH7H R5 6600H/16GB/512GB/15.6""WQHD/NVIDIA RTX 3060 6GB/Win11 sử dụng card đồ họa gì?","Laptop Lenovo Gaming Legion 5 15ARH7H R5 6600H/16GB/512GB/15.6""WQHD/NVIDIA RTX 3060 6GB/Win11 sử dụng card đồ họa NVIDIA GeForce RTX 3060 6GB."
"Laptop Acer Aspire 3 A314-23M-R4TX R5 7520U/8GB/512GB/14""FHD/Win11 sử dụng card đồ họa gì?","Laptop Acer Aspire 3 A314-23M-R4TX R5 7520U/8GB/512GB/14""FHD/Win11 sử dụng card đồ họa AMD Radeon Graphics."
"Laptop Dell Inspiron 16 N5620 i5 1240P/16GB/512GB/16.0""FHD/GeForce MX570 2GB/Win 11/Office HS21 sử dụng card đồ họa gì?","Laptop Dell Inspiron 16 N5620 i5 1240P/16GB/512GB/16.0""FHD/GeForce MX570 2GB/Win 11/Office HS21 sử dụng card đồ họa Intel Iris Xe Graphics."
"Laptop Acer Nitro Gaming AN515-57-54MV i5 11400H/8GB/512GB/15.6""FHD/NVIDIA GeForce RTX 3050 4GB/Win11 sử dụng card đồ họa gì?","Laptop Acer Nitro Gaming AN515-57-54MV i5 11400H/8GB/512GB/15.6""FHD/NVIDIA GeForce RTX 3050 4GB/Win11 sử dụng card đồ họa NVIDIA GeForce RTX 3050 4GB; Intel UHD Graphics."
"Laptop Lenovo Gaming Legion 5 15IAH7 i5 12500H/16GB/512GB/15.6""FHD/Nvidia RTX 3050 4GB/Win 11 sử dụng card đồ họa gì?","Laptop Lenovo Gaming Legion 5 15IAH7 i5 12500H/16GB/512GB/15.6""FHD/Nvidia RTX 3050 4GB/Win 11 sử dụng card đồ họa NVIDIA GeForce RTX 3050 4GB; Intel Iris Xe Graphics."
Laptop Acer Aspire 5 A514-54-5127 i5 1135G7/8GB/512GB SSD/14.0''FHD/Win11 sử dụng card đồ họa gì?,Laptop Acer Aspire 5 A514-54-5127 i5 1135G7/8GB/512GB SSD/14.0''FHD/Win11 sử dụng card đồ họa Intel Iris Xe Graphics.
"Laptop Asus TUF Gaming FX706HC-HX579W i5 11400H/8GB/512GB/GeForce RTX 3050 4GB/17.3""FHD/Win 11 sử dụng card đồ họa gì?","Laptop Asus TUF Gaming FX706HC-HX579W i5 11400H/8GB/512GB/GeForce RTX 3050 4GB/17.3""FHD/Win 11 sử dụng card đồ họa NVIDIA GeForce RTX 3050 4GB; Intel UHD Graphics."
"Laptop Lenovo ThinkBook 14 G4 IAP i5 1235U/8GB/512GB/14.0""FHD/Win11 sử dụng card đồ họa gì?","Laptop Lenovo ThinkBook 14 G4 IAP i5 1235U/8GB/512GB/14.0""FHD/Win11 sử dụng card đồ họa Intel Iris Xe Graphics."
Laptop Asus TUF Gaming FX507ZV4-LP041W i7 12700H/8GB/512GB/15.6''/Nvidia RTX 4060 8GB/Win11 sử dụng card đồ họa gì?,Laptop Asus TUF Gaming FX507ZV4-LP041W i7 12700H/8GB/512GB/15.6''/Nvidia RTX 4060 8GB/Win11 sử dụng card đồ họa NVIDIA GeForce RTX 4060 8GB; Intel Iris Xe Graphics.
"Laptop Asus Vivobook Pro K3405VC-KM070W i9 13900H/16GB/512GB/14"" OLED 2.8K/GeForce RTX3050 4GB/Win11 sử dụng card đồ họa gì?","Laptop Asus Vivobook Pro K3405VC-KM070W i9 13900H/16GB/512GB/14"" OLED 2.8K/GeForce RTX3050 4GB/Win11 sử dụng card đồ họa NVIDIA GeForce RTX 3050 4GB."
"Laptop MSI Modern 14 C12MO-660VN i5 1235U/16GB/512GB/14""FHD/Win11 sử dụng card đồ họa gì?","Laptop MSI Modern 14 C12MO-660VN i5 1235U/16GB/512GB/14""FHD/Win11 sử dụng card đồ họa Intel Iris Xe Graphics."
Laptop HP Pavilion 15-eg2063TX i5 1235U/8GB/512GB/15.6''FHD/NVIDIA MX550 2GB/Win11 sử dụng card đồ họa gì?,Laptop HP Pavilion 15-eg2063TX i5 1235U/8GB/512GB/15.6''FHD/NVIDIA MX550 2GB/Win11 sử dụng card đồ họa NVIDIA GeForce MX550 2GB; Intel Iris Xe Graphics.
"Laptop MSI Modern 14 C11M-011VN i3 1115G4/8GB/512GB/14"" FHD/Win11 sử dụng card đồ họa gì?","Laptop MSI Modern 14 C11M-011VN i3 1115G4/8GB/512GB/14"" FHD/Win11 sử dụng card đồ họa Intel UHD Graphics."
"Laptop HP ProBook 440 G10 i7 1360P/16GB/512GB/14""FHD Touch/Win11 sử dụng card đồ họa gì?","Laptop HP ProBook 440 G10 i7 1360P/16GB/512GB/14""FHD Touch/Win11 sử dụng card đồ họa Intel UHD Graphics."
"Laptop MSI Gaming Katana 15 B13VFK-676VN i7 13620H/16GB/1TB/Geforce RTX 4060 8GB/15.6""FHD/Win11 - Balo sử dụng card đồ họa gì?","Laptop MSI Gaming Katana 15 B13VFK-676VN i7 13620H/16GB/1TB/Geforce RTX 4060 8GB/15.6""FHD/Win11 - Balo sử dụng card đồ họa NVIDIA GeForce RTX 4060 8GB; Intel UHD Graphics."
Laptop HP 240 G9 i5 1235U/8GB/512GB/14.0''FHD/Win11 sử dụng card đồ họa gì?,Laptop HP 240 G9 i5 1235U/8GB/512GB/14.0''FHD/Win11 sử dụng card đồ họa Intel Iris Xe Graphics.
"Laptop Lenovo ThinkPad E16 Gen 1 i5 1340P/16GB/512GB/16""WUXGA/Win 11 sử dụng card đồ họa gì?","Laptop Lenovo ThinkPad E16 Gen 1 i5 1340P/16GB/512GB/16""WUXGA/Win 11 sử dụng card đồ họa Intel Iris Xe Graphics."
Laptop Lenovo ThinkPad E14 Gen 4 i7-1255U/8GB/512GB/14.0FHD/Win11 sử dụng card đồ họa gì?,Laptop Lenovo ThinkPad E14 Gen 4 i7-1255U/8GB/512GB/14.0FHD/Win11 sử dụng card đồ họa Intel Iris Xe Graphics.
Laptop Lenovo ThinkPad E16 Gen 1 i7 1355U/16GB/512GB/16.0 WUXGA/Win11 sử dụng card đồ họa gì?,Laptop Lenovo ThinkPad E16 Gen 1 i7 1355U/16GB/512GB/16.0 WUXGA/Win11 sử dụng card đồ họa Intel Iris Xe Graphics.
"Laptop MSI Modern 14 C5M-030VN R5 5625U/8GB/512GB/14"" FHD/Win 11 sử dụng card đồ họa gì?","Laptop MSI Modern 14 C5M-030VN R5 5625U/8GB/512GB/14"" FHD/Win 11 sử dụng card đồ họa AMD Radeon Graphics."
"Laptop Asus Zenbook UX3402VA-KM203W i5 1340P/16GB/512GB/14"" WQXGA+/Win11 sử dụng card đồ họa gì?","Laptop Asus Zenbook UX3402VA-KM203W i5 1340P/16GB/512GB/14"" WQXGA+/Win11 sử dụng card đồ họa Intel Iris Xe Graphics."
"Laptop Lenovo IdeaPad 5 15ABA7 R5 5625U/8GB/512GB/15.6"" FHD/Win 11 sử dụng card đồ họa gì?","Laptop Lenovo IdeaPad 5 15ABA7 R5 5625U/8GB/512GB/15.6"" FHD/Win 11 sử dụng card đồ họa AMD Radeon Graphics."
"Laptop Acer Nitro Gaming AN515-45-R86D R7 5800H/8GB/512GB/15.6""FHD/GeForce RTX 3060 6GB/Win 11 sử dụng card đồ họa gì?","Laptop Acer Nitro Gaming AN515-45-R86D R7 5800H/8GB/512GB/15.6""FHD/GeForce RTX 3060 6GB/Win 11 sử dụng card đồ họa NVIDIA GeForce RTX 3060 6GB; AMD Radeon Graphics."
"Laptop Acer Nitro 5 Gaming AN515-58-5935 i5 2450H/8GB/512GB/15.6""FHD/RTX4050 6GB/Win11 sử dụng card đồ họa gì?","Laptop Acer Nitro 5 Gaming AN515-58-5935 i5 2450H/8GB/512GB/15.6""FHD/RTX4050 6GB/Win11 sử dụng card đồ họa NVIDIA GeForce RTX 4050 6GB GDDR6."
"Microsoft Surface Laptop Go i5 1035G1/8GB/128GB/12.4"" Touch/Win10 sử dụng card đồ họa gì?","Microsoft Surface Laptop Go i5 1035G1/8GB/128GB/12.4"" Touch/Win10 sử dụng card đồ họa Intel UHD Graphics."
"Laptop MSI Gaming Cyborg 15 A12VE-240VN i7 12650H/8GB/512GB/15.6""FHD/GeForce RTX 4050 6GB/Win 11 + Balo sử dụng card đồ họa gì?","Laptop MSI Gaming Cyborg 15 A12VE-240VN i7 12650H/8GB/512GB/15.6""FHD/GeForce RTX 4050 6GB/Win 11 + Balo sử dụng card đồ họa NVIDIA GeForce RTX 4050 6GB GDDR6; Intel UHD Graphics."
"Laptop Asus Zenbook Flip UP3404VA-KN038W i5 1340P/16GB/512GB/14"" OLED Touch/Win11 sử dụng card đồ họa gì?","Laptop Asus Zenbook Flip UP3404VA-KN038W i5 1340P/16GB/512GB/14"" OLED Touch/Win11 sử dụng card đồ họa Intel Iris Xe Graphics."
"Laptop MSI Gaming Katana GF66 12UCK-815VN i5 12450H/8GB/512GB/15.6""/GeForce RTX 3050 4GB/Win11_Balo sử dụng card đồ họa gì?","Laptop MSI Gaming Katana GF66 12UCK-815VN i5 12450H/8GB/512GB/15.6""/GeForce RTX 3050 4GB/Win11_Balo sử dụng card đồ họa NVIDIA GeForce RTX 3050 4GB; Intel UHD Graphics."
"Laptop Acer Aspire 3 A315-58-53S6 i5 1135G7/8GB/256GB/15.6""FHD/Win 11 sử dụng card đồ họa gì?","Laptop Acer Aspire 3 A315-58-53S6 i5 1135G7/8GB/256GB/15.6""FHD/Win 11 sử dụng card đồ họa Intel Iris Xe Graphics."
"Laptop Lenovo IdeaPad 3 14IAU7 i3 1215U/8GB/512GB/14""FHD/Win 11 sử dụng card đồ họa gì?","Laptop Lenovo IdeaPad 3 14IAU7 i3 1215U/8GB/512GB/14""FHD/Win 11 sử dụng card đồ họa Intel UHD Graphics."
"Laptop Lenovo IdeaPad 3 14IAU7 i3 1215U/8GB/512GB/14.0""FHD/Win 11 sử dụng card đồ họa gì?","Laptop Lenovo IdeaPad 3 14IAU7 i3 1215U/8GB/512GB/14.0""FHD/Win 11 sử dụng card đồ họa Intel UHD Graphics."
"Laptop Acer Swift Edge SFA16-41-R3L6 R7 6800U/16GB/1TB/16"" WQUXGA/Win11 sử dụng card đồ họa gì?","Laptop Acer Swift Edge SFA16-41-R3L6 R7 6800U/16GB/1TB/16"" WQUXGA/Win11 sử dụng card đồ họa AMD Radeon Graphics."
"Laptop MSI Creator M16 B13VE-830VN i7 13700H/16GB/512GB SSD/16""FHD/RTX4050 8GB/Win 11 sử dụng card đồ họa gì?","Laptop MSI Creator M16 B13VE-830VN i7 13700H/16GB/512GB SSD/16""FHD/RTX4050 8GB/Win 11 sử dụng card đồ họa NVIDIA GeForce RTX 4050 6GB GDDR6."
"Laptop MSI Summit E14 Evo A12M-211VN i7 1280P/16GB/512GB/14""FHD/Win11/Túi/Chuột sử dụng card đồ họa gì?","Laptop MSI Summit E14 Evo A12M-211VN i7 1280P/16GB/512GB/14""FHD/Win11/Túi/Chuột sử dụng card đồ họa Intel Iris Xe Graphics."
MacBook Pro 16 inch M2 Max 2023 12CPU 38GPU 32GB/1TB sử dụng card đồ họa gì?,MacBook Pro 16 inch M2 Max 2023 12CPU 38GPU 32GB/1TB sử dụng card đồ họa Apple M2 Max 38-core GPU.
MacBook Pro 16 inch M2 Pro 2023 12CPU 19GPU 32GB/512GB sử dụng card đồ họa gì?,MacBook Pro 16 inch M2 Pro 2023 12CPU 19GPU 32GB/512GB sử dụng card đồ họa Apple M2 Pro 16-core GPU.
"Laptop MSI Gaming Raider GE68HX 13VG-048VN i7 13700HX/32GB/2TB/16""QHD/RTX4070 8GB/Win11/Balo sử dụng card đồ họa gì?","Laptop MSI Gaming Raider GE68HX 13VG-048VN i7 13700HX/32GB/2TB/16""QHD/RTX4070 8GB/Win11/Balo sử dụng card đồ họa NVIDIA Geforce RTX 4070 8GB GDDR6; Intel UHD Graphics."
MacBook Pro 16 inch M2 Pro 2023 12CPU 19GPU 16GB/512GB sử dụng card đồ họa gì?,MacBook Pro 16 inch M2 Pro 2023 12CPU 19GPU 16GB/512GB sử dụng card đồ họa Apple M2 Pro 16-core GPU.
MacBook Pro 14 inch M2 Pro 2023 10CPU 16GPU 32GB/512GB sử dụng card đồ họa gì?,MacBook Pro 14 inch M2 Pro 2023 10CPU 16GPU 32GB/512GB sử dụng card đồ họa Apple M2 Pro 16-core GPU.
MacBook Pro 14 inch M1 Pro 2021 10CPU 16GPU 16GB/1TB sử dụng card đồ họa gì?,MacBook Pro 14 inch M1 Pro 2021 10CPU 16GPU 16GB/1TB sử dụng card đồ họa Apple M1.
Laptop Asus Gaming ROG Strix G533ZS-LN036W i9 12900H/32GB/2TB/15.6''WQHD/NVIDIA RTX3080 8GB/Win11 sử dụng card đồ họa gì?,Laptop Asus Gaming ROG Strix G533ZS-LN036W i9 12900H/32GB/2TB/15.6''WQHD/NVIDIA RTX3080 8GB/Win11 sử dụng card đồ họa NVIDIA GeForce RTX 3080 8GB.
Laptop Asus Zenbook Pro UX6404VV-P4069W i9 13900H/32GB/1TB/14.5” 2.8K/Nvidia RTX 4060 8GB/Win11 sử dụng card đồ họa gì?,Laptop Asus Zenbook Pro UX6404VV-P4069W i9 13900H/32GB/1TB/14.5” 2.8K/Nvidia RTX 4060 8GB/Win11 sử dụng card đồ họa NVIDIA GeForce RTX 4060 8GB; Intel UHD Graphics.
"Laptop Microsoft Surface Pro 9 i7 1255U/16GB/256GB/13"" Touchscreen/Win11 sử dụng card đồ họa gì?","Laptop Microsoft Surface Pro 9 i7 1255U/16GB/256GB/13"" Touchscreen/Win11 sử dụng card đồ họa Intel Iris Xe Graphics."
Laptop Asus Gaming ROG Zephyrus GU603VU-N3898W i7 13620H/16G/512GB/16''/Nvidia RTX 4050 6GB/Win11 sử dụng card đồ họa gì?,Laptop Asus Gaming ROG Zephyrus GU603VU-N3898W i7 13620H/16G/512GB/16''/Nvidia RTX 4050 6GB/Win11 sử dụng card đồ họa NVIDIA GeForce RTX 4050 6GB GDDR6; Intel Iris Xe Graphics.
"Laptop Acer Predator Helios Neo Gaming PHN16-71-7460 i7 13700HX/8GB/512GB/16""WQXGA/RTX4050/Win11 sử dụng card đồ họa gì?","Laptop Acer Predator Helios Neo Gaming PHN16-71-7460 i7 13700HX/8GB/512GB/16""WQXGA/RTX4050/Win11 sử dụng card đồ họa NVIDIA GeForce RTX 4050 6GB GDDR6."
MacBook Air 15 M2 2023 8CPU 10GPU/8GB/512GB/Sạc 70W sử dụng card đồ họa gì?,MacBook Air 15 M2 2023 8CPU 10GPU/8GB/512GB/Sạc 70W sử dụng card đồ họa Apple M2 GPU 10 nhân.
Laptop Asus Gaming ROG Strix G513RW-HQ152W R9-6900HX/16GB/1TB/Nvidia RTX 3070Ti 8GB/Win11 sử dụng card đồ họa gì?,Laptop Asus Gaming ROG Strix G513RW-HQ152W R9-6900HX/16GB/1TB/Nvidia RTX 3070Ti 8GB/Win11 sử dụng card đồ họa NVIDIA GeForce RTX 3070 Ti 8GB.
MacBook Air 15 inch M2 2023 8CPU 10GPU 16GB/256GB sử dụng card đồ họa gì?,MacBook Air 15 inch M2 2023 8CPU 10GPU 16GB/256GB sử dụng card đồ họa Apple M2 GPU 10 nhân.
MacBook Pro 13 inch M2 2022 8CPU 10GPU 16GB/256GB sử dụng card đồ họa gì?,MacBook Pro 13 inch M2 2022 8CPU 10GPU 16GB/256GB sử dụng card đồ họa Apple M2 GPU 10 nhân.
"Laptop LG Gram 14Z90R-G.AH75A5 i7 1360P/16G/512G/14""WUXGA/Win11 sử dụng card đồ họa gì?","Laptop LG Gram 14Z90R-G.AH75A5 i7 1360P/16G/512G/14""WUXGA/Win11 sử dụng card đồ họa Intel Iris Xe Graphics."
"Laptop Lenovo Gaming Legion 5 Pro 16ARH7H R7 6800H/16GB/512GB/16""/Nvidia RTX 3060 6GB/Win 11 sử dụng card đồ họa gì?","Laptop Lenovo Gaming Legion 5 Pro 16ARH7H R7 6800H/16GB/512GB/16""/Nvidia RTX 3060 6GB/Win 11 sử dụng card đồ họa NVIDIA GeForce RTX 3060 6GB; AMD Radeon Graphics."
MacBook Air 13 inch M2 2022 8CPU 8GPU 16GB/256GB sử dụng card đồ họa gì?,MacBook Air 13 inch M2 2022 8CPU 8GPU 16GB/256GB sử dụng card đồ họa Apple M2 GPU 8 nhân.
MacBook Air 15 inch M2 2023 8CPU 10GPU 8GB/256GB sử dụng card đồ họa gì?,MacBook Air 15 inch M2 2023 8CPU 10GPU 8GB/256GB sử dụng card đồ họa Apple M2 GPU 10 nhân.
"Laptop Asus Zenbook Flip UP3404VA-KN039W i7 1360P/16GB/512GB/14"" OLED Touch/Win11 sử dụng card đồ họa gì?","Laptop Asus Zenbook Flip UP3404VA-KN039W i7 1360P/16GB/512GB/14"" OLED Touch/Win11 sử dụng card đồ họa Intel UHD Graphics 605."
MacBook Pro 13 inch M2 2022 8CPU 10GPU 8GB/256GB sử dụng card đồ họa gì?,MacBook Pro 13 inch M2 2022 8CPU 10GPU 8GB/256GB sử dụng card đồ họa Apple M2 GPU 10 nhân.
"Laptop Gigabyte Gaming Aorus 15 9MF-E2VN583SH i5 12500H/8GB/512GB/15.6""FHD/Nvidia RTX 4050 6GB/Win11 sử dụng card đồ họa gì?","Laptop Gigabyte Gaming Aorus 15 9MF-E2VN583SH i5 12500H/8GB/512GB/15.6""FHD/Nvidia RTX 4050 6GB/Win11 sử dụng card đồ họa NVIDIA GeForce RTX 4050 6GB GDDR6; Intel Iris Xe Graphics."
Laptop Asus TUF Gaming FX507ZU4-LP520W i7 12700H/8GB/512GB/15.6'' FHD/NVIDIA RTX 4050 6GB/Win11 sử dụng card đồ họa gì?,Laptop Asus TUF Gaming FX507ZU4-LP520W i7 12700H/8GB/512GB/15.6'' FHD/NVIDIA RTX 4050 6GB/Win11 sử dụng card đồ họa NVIDIA GeForce RTX 4050 6GB GDDR6; Intel UHD Graphics.
MacBook Air 13 inch M1 2020 8CPU 7GPU 16GB/256GB sử dụng card đồ họa gì?,MacBook Air 13 inch M1 2020 8CPU 7GPU 16GB/256GB sử dụng card đồ họa Apple M1 GPU 7 nhân.
"Laptop MSI Gaming Cyborg 15 A12VF-267VN i7 12650H/8GB/512GB/15.6""FHD/GeForce RTX 4060 8GB/Win11/Balo sử dụng card đồ họa gì?","Laptop MSI Gaming Cyborg 15 A12VF-267VN i7 12650H/8GB/512GB/15.6""FHD/GeForce RTX 4060 8GB/Win11/Balo sử dụng card đồ họa NVIDIA GeForce RTX 4060 8GB; Intel HD Graphics."
MacBook Air 13 inch M2 2022 8CPU 8GPU 8GB/256GB sử dụng card đồ họa gì?,MacBook Air 13 inch M2 2022 8CPU 8GPU 8GB/256GB sử dụng card đồ họa Apple M2 GPU 8 nhân.
"Laptop Acer Swift 3 SF314-512-741L i7 1260P/16GB/1T/14"" QHD/Win11 sử dụng card đồ họa gì?","Laptop Acer Swift 3 SF314-512-741L i7 1260P/16GB/1T/14"" QHD/Win11 sử dụng card đồ họa Intel Iris Xe Graphics."
"Laptop LG Gram 14Z90R-G.AH53A5 i5 1340P/16GB/256GB/14""WUXGA/Win11 sử dụng card đồ họa gì?","Laptop LG Gram 14Z90R-G.AH53A5 i5 1340P/16GB/256GB/14""WUXGA/Win11 sử dụng card đồ họa Intel Iris Xe Graphics."
"Laptop Asus Vivobook Flip TP3402VA-LZ118W i9 13900H/16GB/512GB/14""Touch/Win11 sử dụng card đồ họa gì?","Laptop Asus Vivobook Flip TP3402VA-LZ118W i9 13900H/16GB/512GB/14""Touch/Win11 sử dụng card đồ họa Intel Iris Xe Graphics."
"Laptop Dell Inspiron 14 2in1 T7430 i5 1335U/8GB/512GB/14.0""FHD/ Win11/Office HS21/Bút sử dụng card đồ họa gì?","Laptop Dell Inspiron 14 2in1 T7430 i5 1335U/8GB/512GB/14.0""FHD/ Win11/Office HS21/Bút sử dụng card đồ họa Intel Iris Xe Graphics."
"Laptop HP Pavilion 14-dv2071TU i7 1255U/16GB/512GB/14""FHD/Win11 sử dụng card đồ họa gì?","Laptop HP Pavilion 14-dv2071TU i7 1255U/16GB/512GB/14""FHD/Win11 sử dụng card đồ họa Intel Iris Xe Graphics."
"Laptop Acer Aspire 7 Gaming A715-76G-5806 i5 12450H/16GB/512GB/15.6""FHD/GeForce RTX3050/Win11 sử dụng card đồ họa gì?","Laptop Acer Aspire 7 Gaming A715-76G-5806 i5 12450H/16GB/512GB/15.6""FHD/GeForce RTX3050/Win11 sử dụng card đồ họa NVIDIA GeForce RTX 3050 4GB."
"Laptop Dell Inspiron 15 N3520 i7 1255U/8GB/512GB/15.6""FHD/Win11/Office HS21 sử dụng card đồ họa gì?","Laptop Dell Inspiron 15 N3520 i7 1255U/8GB/512GB/15.6""FHD/Win11/Office HS21 sử dụng card đồ họa Intel Iris Xe Graphics."
MacBook Air 13 inch M1 2020 8CPU 7GPU 8GB/256GB sử dụng card đồ họa gì?,MacBook Air 13 inch M1 2020 8CPU 7GPU 8GB/256GB sử dụng card đồ họa Apple M1 GPU 7 nhân.
"Laptop Lenovo ThinkPad E14 Gen 3 R7 5700U/8GB/512GB/14.0""FHD/Win 10 sử dụng card đồ họa gì?","Laptop Lenovo ThinkPad E14 Gen 3 R7 5700U/8GB/512GB/14.0""FHD/Win 10 sử dụng card đồ họa AMD Radeon Graphics."
"Laptop MSI Gaming GF63 Thin 12UC-1006VN i5 12450H/16GB/512GB/15.6""FHD/Nvidia RTX 3050 4GB/Win11 sử dụng card đồ họa gì?","Laptop MSI Gaming GF63 Thin 12UC-1006VN i5 12450H/16GB/512GB/15.6""FHD/Nvidia RTX 3050 4GB/Win11 sử dụng card đồ họa NVIDIA GeForce RTX 3050 4GB; Intel UHD Graphics."
Laptop VAIO FE14 i5 1235U/8GB/512GB/14'' FHD/Intel UHD/Win11/VWNC51427-BK sử dụng card đồ họa gì?,Laptop VAIO FE14 i5 1235U/8GB/512GB/14'' FHD/Intel UHD/Win11/VWNC51427-BK sử dụng card đồ họa Intel UHD Graphics.
"Laptop Lenovo Yoga 7 14ACN6 R7 5800U/8GB/512GB/14.0""FHD/Win 10 sử dụng card đồ họa gì?","Laptop Lenovo Yoga 7 14ACN6 R7 5800U/8GB/512GB/14.0""FHD/Win 10 sử dụng card đồ họa AMD Radeon Graphics."
"Laptop MSI Modern 15 B13M-438VN i5 1335U/8GB/512GB/15.6""FHD/Win11 sử dụng card đồ họa gì?","Laptop MSI Modern 15 B13M-438VN i5 1335U/8GB/512GB/15.6""FHD/Win11 sử dụng card đồ họa Intel UHD Graphics."
"Laptop MSI Gaming GF63 12UCX-841VN i5 12450H/8GB/512GB/15.6"" FHD/RTX2050_4GB/Win11 sử dụng card đồ họa gì?","Laptop MSI Gaming GF63 12UCX-841VN i5 12450H/8GB/512GB/15.6"" FHD/RTX2050_4GB/Win11 sử dụng card đồ họa NVIDIA Geforce RTX 2050 4GB."
"Laptop MSI Modern 15 B7M-238VN R7 7730U/16GB/512GB/15.6""FHD/Win 11 sử dụng card đồ họa gì?","Laptop MSI Modern 15 B7M-238VN R7 7730U/16GB/512GB/15.6""FHD/Win 11 sử dụng card đồ họa AMD Radeon Graphics."
"Laptop HP Pavilion 15 eg2037TX i5 1235U/8GB/256GB/15.6""FHD/GeForce MX550 2GB/Win 11 sử dụng card đồ họa gì?","Laptop HP Pavilion 15 eg2037TX i5 1235U/8GB/256GB/15.6""FHD/GeForce MX550 2GB/Win 11 sử dụng card đồ họa NVIDIA GeForce MX550 2GB; Intel Iris Xe Graphics."
"Laptop HP 15s fq5161TU i5 1235U/8GB/512GB/15.6""FHD/Win 11 sử dụng card đồ họa gì?","Laptop HP 15s fq5161TU i5 1235U/8GB/512GB/15.6""FHD/Win 11 sử dụng card đồ họa Intel Iris Xe Graphics."
"Laptop HP Pavilion 15 eg2058TU i5 1240P/8GB/256GB/15.6""FHD/Win 11 sử dụng card đồ họa gì?","Laptop HP Pavilion 15 eg2058TU i5 1240P/8GB/256GB/15.6""FHD/Win 11 sử dụng card đồ họa Intel Iris Xe Graphics."
"Laptop MSI Modern 15 B12MO-628VN i5 1235U/16GB/512GB/15.6""FHD/Win11 sử dụng card đồ họa gì?","Laptop MSI Modern 15 B12MO-628VN i5 1235U/16GB/512GB/15.6""FHD/Win11 sử dụng card đồ họa Intel Iris Xe Graphics."
"Laptop HP Pavilion 14 dv2035TU i5 1235U/8GB/256GB/14""FHD/Win 11 sử dụng card đồ họa gì?","Laptop HP Pavilion 14 dv2035TU i5 1235U/8GB/256GB/14""FHD/Win 11 sử dụng card đồ họa Intel Iris Xe Graphics."
"Laptop HP Pavilion 14 dv2036TU i5 1235U/8GB/256GB/14""FHD/Win 11 sử dụng card đồ họa gì?","Laptop HP Pavilion 14 dv2036TU i5 1235U/8GB/256GB/14""FHD/Win 11 sử dụng card đồ họa Intel Iris Xe Graphics."
"Laptop HP 15s-fq5081TU i5-1235U/8GB/256GB/15.6""HD/Win 11 sử dụng card đồ họa gì?","Laptop HP 15s-fq5081TU i5-1235U/8GB/256GB/15.6""HD/Win 11 sử dụng card đồ họa Intel Iris Xe Graphics."
"Laptop Lenovo V14 G3 IAP i5-1235U/8GB/512GB/14.0""FHD/Win 11 sử dụng card đồ họa gì?","Laptop Lenovo V14 G3 IAP i5-1235U/8GB/512GB/14.0""FHD/Win 11 sử dụng card đồ họa Intel Iris Xe Graphics."
"Laptop Lenovo IdeaPad 1 15ALC7 R5 5500U/16GB/512GB/15.6"" FHD/Win11 sử dụng card đồ họa gì?","Laptop Lenovo IdeaPad 1 15ALC7 R5 5500U/16GB/512GB/15.6"" FHD/Win11 sử dụng card đồ họa AMD Radeon 610 2GB; AMD Radeon Graphics."
"Laptop Asus Vivobook A515EA-BQ3013W/i3-1115G4/8GB/256GB/15.6""FHD/Win 11 sử dụng card đồ họa gì?","Laptop Asus Vivobook A515EA-BQ3013W/i3-1115G4/8GB/256GB/15.6""FHD/Win 11 sử dụng card đồ họa Intel UHD Graphics."
"Laptop MSI Gaming Creator Z16 HX Studio B13VFTO-063VN i7 13700HX/32GB/2TB/16""FHD/RTX4060 8GB/Win11 sử dụng card đồ họa gì?","Laptop MSI Gaming Creator Z16 HX Studio B13VFTO-063VN i7 13700HX/32GB/2TB/16""FHD/RTX4060 8GB/Win11 sử dụng card đồ họa NVIDIA GeForce RTX 4060 8GB."
Laptop Asus Zenbook Pro Duo UX8402VU-P1028W i9 13900H/32GB/1TB/14.5”/Nvidia RTX 4050 6GB/Win11 sử dụng card đồ họa gì?,Laptop Asus Zenbook Pro Duo UX8402VU-P1028W i9 13900H/32GB/1TB/14.5”/Nvidia RTX 4050 6GB/Win11 sử dụng card đồ họa NVIDIA GeForce RTX 4050 6GB GDDR6; Intel Iris Xe Graphics.
Laptop Asus Gaming ROG Strix G614JI-N4084W i7 13650HX/16GB/1TB/16.0”/Nvidia RTX 4070 8GB/Win11 sử dụng card đồ họa gì?,Laptop Asus Gaming ROG Strix G614JI-N4084W i7 13650HX/16GB/1TB/16.0”/Nvidia RTX 4070 8GB/Win11 sử dụng card đồ họa NVIDIA Geforce RTX 4070 8GB GDDR6; Intel UHD Graphics.
"Laptop MSI Gaming Creator Z16 A12UET-025VN i7 12700H/16GB/1TB/16""QHD+/Nvidia RTX 3060 6GB/Win 11/Túi sử dụng card đồ họa gì?","Laptop MSI Gaming Creator Z16 A12UET-025VN i7 12700H/16GB/1TB/16""QHD+/Nvidia RTX 3060 6GB/Win 11/Túi sử dụng card đồ họa NVIDIA GeForce RTX 3060 6GB; Intel Iris Xe Graphics."
"Laptop Lenovo Gaming Legion Slim 5 16IRH8 i7 13700H/16G/512G/16""WQXGA/RTX4060_8GB/Win11 sử dụng card đồ họa gì?","Laptop Lenovo Gaming Legion Slim 5 16IRH8 i7 13700H/16G/512G/16""WQXGA/RTX4060_8GB/Win11 sử dụng card đồ họa NVIDIA GeForce RTX 4060 8GB."
"Laptop Lenovo Gaming LOQ 15IRH8 i5-13420H/8GB/512GB/15.6""FHD/RTX4050 6GB/Win11 sử dụng card đồ họa gì?","Laptop Lenovo Gaming LOQ 15IRH8 i5-13420H/8GB/512GB/15.6""FHD/RTX4050 6GB/Win11 sử dụng card đồ họa NVIDIA GeForce RTX 4050 6GB GDDR6."
"Laptop Lenovo ThinkBook 14p G3 ARH R5-6600H/16GB/512GB/14.0""2.2K/Win 11 sử dụng card đồ họa gì?","Laptop Lenovo ThinkBook 14p G3 ARH R5-6600H/16GB/512GB/14.0""2.2K/Win 11 sử dụng card đồ họa AMD Radeon Graphics."
"Laptop Gigabyte Gaming G5 MF-F2VN333SH i5 12450H/8GB/512GB/15.6"" FHD/RTX4050_6GB/Win11 sử dụng card đồ họa gì?","Laptop Gigabyte Gaming G5 MF-F2VN333SH i5 12450H/8GB/512GB/15.6"" FHD/RTX4050_6GB/Win11 sử dụng card đồ họa NVIDIA GeForce RTX 4050 6GB GDDR6; Intel Iris Xe Graphics."
"Laptop Asus Vivobook A515EA-L12033W i5 1135G7/8GB/512GB/15.6""FHD/Win 11 sử dụng card đồ họa gì?","Laptop Asus Vivobook A515EA-L12033W i5 1135G7/8GB/512GB/15.6""FHD/Win 11 sử dụng card đồ họa Intel UHD Graphics."
"Laptop Lenovo Ideapad Gaming 3 15ARH7 R5 6600H/16GB/512GB/15.6""FHD/Nvidia RTX 3050 4GB/Win11 sử dụng card đồ họa gì?","Laptop Lenovo Ideapad Gaming 3 15ARH7 R5 6600H/16GB/512GB/15.6""FHD/Nvidia RTX 3050 4GB/Win11 sử dụng card đồ họa NVIDIA GeForce RTX 3050 4GB; AMD Radeon Graphics."
"Laptop Asus Vivobook E1404FA-NK186W R5 7520U/16GB/512GB/14"" FHD/Win11 sử dụng chip gì?","Laptop Asus Vivobook E1404FA-NK186W R5 7520U/16GB/512GB/14"" FHD/Win11 sử dụng chip AMD Ryzen 5 7520U"
"Laptop Lenovo IdeaPad 3 15ITL6 i5 1155G7/16GB/512GB/15.6""FHD/Win11 sử dụng chip gì?","Laptop Lenovo IdeaPad 3 15ITL6 i5 1155G7/16GB/512GB/15.6""FHD/Win11 sử dụng chip Intel Core i5 1155G7"
Laptop Acer Swift 3 SF314-43-R4X3 R5 5500U/16GB/512GB SSD/Win11 sử dụng chip gì?,Laptop Acer Swift 3 SF314-43-R4X3 R5 5500U/16GB/512GB SSD/Win11 sử dụng chip AMD Ryzen 5 5500U
"Laptop Dell Inspiron 15 N3520 i5 1235U/8GB/256GB/15.6""FHD/Win 11/Office HS21 sử dụng chip gì?","Laptop Dell Inspiron 15 N3520 i5 1235U/8GB/256GB/15.6""FHD/Win 11/Office HS21 sử dụng chip Intel Core i5 1235U"
"Laptop MSI Modern 14 C7M-221VN R7 7730U/8GB/512GB/14"" FHD IPS/Win 11 sử dụng chip gì?","Laptop MSI Modern 14 C7M-221VN R7 7730U/8GB/512GB/14"" FHD IPS/Win 11 sử dụng chip AMD Ryzen 7 7730U"
"Laptop Asus Vivobook Flip TN3402YA-LZ188W R5-7530U/16GB/512GB/14"" Touch/Win11 sử dụng chip gì?","Laptop Asus Vivobook Flip TN3402YA-LZ188W R5-7530U/16GB/512GB/14"" Touch/Win11 sử dụng chip AMD Ryzen 5 7530U"
"Laptop MSI Gaming GF63 Thin 11SC-664VN i5 11400H/8GB/512GB/15.6""FHD/GeForce GTX 1650 4GB/Win 11 sử dụng chip gì?","Laptop MSI Gaming GF63 Thin 11SC-664VN i5 11400H/8GB/512GB/15.6""FHD/GeForce GTX 1650 4GB/Win 11 sử dụng chip Intel Core i5 11400H"
"Laptop Lenovo IdeaPad 1 15AMN7 R5 7520U/8GB/512GB/15.6""FHD/Win 11 sử dụng chip gì?","Laptop Lenovo IdeaPad 1 15AMN7 R5 7520U/8GB/512GB/15.6""FHD/Win 11 sử dụng chip AMD Ryzen 5 7520U"
Laptop HP 14s-em0086AU R5 7520U/16GB/512GB/14''FHD/AMD Radeon Graphics/Win11 sử dụng chip gì?,Laptop HP 14s-em0086AU R5 7520U/16GB/512GB/14''FHD/AMD Radeon Graphics/Win11 sử dụng chip AMD Ryzen 5 7520U
"Laptop MSI Gaming Thin GF63 12VE-454VN i5 12450H/16GB/512GB/15.6"" FHD/GeForce RTX4050_6GB/Win 11 sử dụng chip gì?","Laptop MSI Gaming Thin GF63 12VE-454VN i5 12450H/16GB/512GB/15.6"" FHD/GeForce RTX4050_6GB/Win 11 sử dụng chip Intel Core i5 12450H"
"Laptop Lenovo IdeaPad 3 14IAH8 i5 12450H/16GB/512GB/14""FHD/Win11 sử dụng chip gì?","Laptop Lenovo IdeaPad 3 14IAH8 i5 12450H/16GB/512GB/14""FHD/Win11 sử dụng chip Intel Core i5 12450H"
"Laptop Asus TUF Gaming FX506HC-HN144W i5 11400H/8GB/512GB/15.6""FHD/GeForce RTX 3050 4GB/Win 11 sử dụng chip gì?","Laptop Asus TUF Gaming FX506HC-HN144W i5 11400H/8GB/512GB/15.6""FHD/GeForce RTX 3050 4GB/Win 11 sử dụng chip Intel Core i5 11400H"
"Laptop Acer Nitro 5 Gaming AN515-57-53F9 i5 11400H/8GB/512GB/15.6""FHD/RTX3050 4GB/Win11 sử dụng chip gì?","Laptop Acer Nitro 5 Gaming AN515-57-53F9 i5 11400H/8GB/512GB/15.6""FHD/RTX3050 4GB/Win11 sử dụng chip Intel Core i5 11400H"
"Laptop Asus Vivobook X415EA-EK1387W i3 1115G4/8GB/256GB/14"" FHD/Win 11 sử dụng chip gì?","Laptop Asus Vivobook X415EA-EK1387W i3 1115G4/8GB/256GB/14"" FHD/Win 11 sử dụng chip Intel Core i3 1115G4"
"Laptop HP Pavilion 14-dv2075TU i5 1235U/8GB/512GB SSD/14""FHD/Win11 sử dụng chip gì?","Laptop HP Pavilion 14-dv2075TU i5 1235U/8GB/512GB SSD/14""FHD/Win11 sử dụng chip Intel Core i5 1235U"
"Laptop Acer Aspire 7 Gaming A715-76-57CY i5 12450H/8G/512G/15.6""FHD/Win11 sử dụng chip gì?","Laptop Acer Aspire 7 Gaming A715-76-57CY i5 12450H/8G/512G/15.6""FHD/Win11 sử dụng chip Intel Core i5 12450H"
"Laptop Asus TUF Gaming FX507ZC4-HN095W i5 12500H/16GB/512GB/15.6""/Nvidia RTX 3050 4GB/Win1 sử dụng chip gì?","Laptop Asus TUF Gaming FX507ZC4-HN095W i5 12500H/16GB/512GB/15.6""/Nvidia RTX 3050 4GB/Win1 sử dụng chip Intel Core i5 12500H"
"Laptop Acer Aspire 7 Gaming A715-43G-R09Q R5 5625U/16GB/512GB/15.6""FHD/NVIDIA RTX3050/Win11 sử dụng chip gì?","Laptop Acer Aspire 7 Gaming A715-43G-R09Q R5 5625U/16GB/512GB/15.6""FHD/NVIDIA RTX3050/Win11 sử dụng chip AMD Ryzen 5 5625U"
"Laptop Asus TUF Gaming FX517ZC-HN077W i5 12450H/8GB/512GB/15.6""FHD/GeForce RTX 3050 4GB/Win 11 sử dụng chip gì?","Laptop Asus TUF Gaming FX517ZC-HN077W i5 12450H/8GB/512GB/15.6""FHD/GeForce RTX 3050 4GB/Win 11 sử dụng chip Intel Core i5 12450H"
"Laptop MSI Gaming GF63 Thin 11UC-1228VN i7-11800H/8GB/512GB/15.6""FHD/GeForce RTX3050_4GB/Win11 sử dụng chip gì?","Laptop MSI Gaming GF63 Thin 11UC-1228VN i7-11800H/8GB/512GB/15.6""FHD/GeForce RTX3050_4GB/Win11 sử dụng chip Intel Core i7 11800H"
"Laptop MSI Modern 15 B7M-099VN R5 7530U/8GB/512GB/15.6""FHD/Win 11 sử dụng chip gì?","Laptop MSI Modern 15 B7M-099VN R5 7530U/8GB/512GB/15.6""FHD/Win 11 sử dụng chip AMD Ryzen 5 7530U"
"Laptop MSI Modern 14 C7M-220VN R5 7530U/8GB/512GB/14""FHD/Win 11 sử dụng chip gì?","Laptop MSI Modern 14 C7M-220VN R5 7530U/8GB/512GB/14""FHD/Win 11 sử dụng chip AMD Ryzen 5 7530U"
Laptop Asus TUF Gaming FX506HE-HN377W i7 11800H/8GB/512GB/15.6”/Nvidia RTX 3050Ti 4GB/Win11 sử dụng chip gì?,Laptop Asus TUF Gaming FX506HE-HN377W i7 11800H/8GB/512GB/15.6”/Nvidia RTX 3050Ti 4GB/Win11 sử dụng chip Intel Core i7 11800H
"Laptop HP 15s fq2711TU i3 1115G4/8GB/256GB/15.6""FHD/Win 11 sử dụng chip gì?","Laptop HP 15s fq2711TU i3 1115G4/8GB/256GB/15.6""FHD/Win 11 sử dụng chip Intel Core i3 1115G4"
"Laptop Lenovo Ideapad 3 15ITL6 i5 1155G7/8GB/256GB/15.6""FHD/Win 11 sử dụng chip gì?","Laptop Lenovo Ideapad 3 15ITL6 i5 1155G7/8GB/256GB/15.6""FHD/Win 11 sử dụng chip Intel Core i5 1155G7"
"Laptop MSI Modern 15 B7M-098VN R7 7730U/8GB/512GB/15.6""FHD/Win 11 sử dụng chip gì?","Laptop MSI Modern 15 B7M-098VN R7 7730U/8GB/512GB/15.6""FHD/Win 11 sử dụng chip AMD Ryzen 7 7730U"
"Laptop Asus Vivobook X515EA-EJ322W i3 1115G4/8GB/512GB/15.6"" FHD/Win 11 sử dụng chip gì?","Laptop Asus Vivobook X515EA-EJ322W i3 1115G4/8GB/512GB/15.6"" FHD/Win 11 sử dụng chip Intel Core i3 1115G4"
"Laptop Lenovo Ideapad Gaming 3 15ARH7 R5 7535HS/8GB/512GB/15.6""FHD/Nvidia RTX 4050 6GB/Win11 sử dụng chip gì?","Laptop Lenovo Ideapad Gaming 3 15ARH7 R5 7535HS/8GB/512GB/15.6""FHD/Nvidia RTX 4050 6GB/Win11 sử dụng chip AMD Ryzen 5 7535HS"
Laptop Acer Nitro 5 Tiger Gaming AN515-58-52SP i5 12500H/8GB/512GB SSD/GeForce RTX 3050 4GB/Win11 sử dụng chip gì?,Laptop Acer Nitro 5 Tiger Gaming AN515-58-52SP i5 12500H/8GB/512GB SSD/GeForce RTX 3050 4GB/Win11 sử dụng chip Intel Core i5 12500H
"Laptop Huawei MateBook D15 R7 5700U/8GB/512GB/15.6""FHD/Win11 sử dụng chip gì?","Laptop Huawei MateBook D15 R7 5700U/8GB/512GB/15.6""FHD/Win11 sử dụng chip AMD Ryzen 7 5700U"
Laptop Acer Nitro Gaming AN515-57-5669 i5 11400H/8GB/512GB SSD/GeForce GTX 1650 4GB/Win11 sử dụng chip gì?,Laptop Acer Nitro Gaming AN515-57-5669 i5 11400H/8GB/512GB SSD/GeForce GTX 1650 4GB/Win11 sử dụng chip Intel Core i5 11400H
Laptop Asus Vivobook M3504YA-L1268W R5 7530U/16GB/512GB/15.6''OLED/Win11 sử dụng chip gì?,Laptop Asus Vivobook M3504YA-L1268W R5 7530U/16GB/512GB/15.6''OLED/Win11 sử dụng chip AMD Ryzen 5 7530U
"Laptop Asus Vivobook  A1503ZA-L1139W i5 12500H/8GB/512GB/15.6""FHD/Win 11 sử dụng chip gì?","Laptop Asus Vivobook  A1503ZA-L1139W i5 12500H/8GB/512GB/15.6""FHD/Win 11 sử dụng chip Intel Core i5 12500H"
Laptop CHUWI GemiBook Celeron J4125/8GB/256GB/13''IPS/Win 10 sử dụng chip gì?,Laptop CHUWI GemiBook Celeron J4125/8GB/256GB/13''IPS/Win 10 sử dụng chip Intel Celeron J4125
"Laptop Asus Vivobook X1502ZA-BQ126W i5 1240P/8GB/512GB/15.6""FHD/Iris Xe Graphics/Win 11 sử dụng chip gì?","Laptop Asus Vivobook X1502ZA-BQ126W i5 1240P/8GB/512GB/15.6""FHD/Iris Xe Graphics/Win 11 sử dụng chip Intel Core i5 1240P"
Laptop Acer Aspire 3 A315-57G-573F i5 1035G1/8GB/512GB SSD/GeForce MX330 2GB/Win11 sử dụng chip gì?,Laptop Acer Aspire 3 A315-57G-573F i5 1035G1/8GB/512GB SSD/GeForce MX330 2GB/Win11 sử dụng chip Intel Core i5 1035G1
Laptop Asus Vivobook X515EA-EJ4111W i5 1135G7/16GB/512GB/15.6”FHD/Win11 sử dụng chip gì?,Laptop Asus Vivobook X515EA-EJ4111W i5 1135G7/16GB/512GB/15.6”FHD/Win11 sử dụng chip Intel Core i5 1135G7
"Laptop Lenovo Ideapad 3 15IAU7 i7 1255U/16GB/512GB/15.6""FHD/Win 11 sử dụng chip gì?","Laptop Lenovo Ideapad 3 15IAU7 i7 1255U/16GB/512GB/15.6""FHD/Win 11 sử dụng chip Intel Core i7 1255U"
Laptop Asus Vivobook 15 OLED A1505VA-L1113W i5 13500H/16GB/512GB/15.6''FHD/Win11 sử dụng chip gì?,Laptop Asus Vivobook 15 OLED A1505VA-L1113W i5 13500H/16GB/512GB/15.6''FHD/Win11 sử dụng chip Intel Core i5 13500H
"Laptop Lenovo Ideapad Slim 5 Light 14ABR8 R7 7730U/16GB/512GB/14.0""FHD/Win11 sử dụng chip gì?","Laptop Lenovo Ideapad Slim 5 Light 14ABR8 R7 7730U/16GB/512GB/14.0""FHD/Win11 sử dụng chip AMD Ryzen 7 7730U"
"Laptop Asus Vivobook A1405VA-KM059W i5 13500H/8GB/512GB/14"" OLED WQXGA+/Win11 sử dụng chip gì?","Laptop Asus Vivobook A1405VA-KM059W i5 13500H/8GB/512GB/14"" OLED WQXGA+/Win11 sử dụng chip Intel Core i5 13500H"
Laptop HP Gaming Victus 16-e1104AX R7 6800H/8GB/512GB/16.1''FHD/Nvidia RTX 3050 4GB/Win11 sử dụng chip gì?,Laptop HP Gaming Victus 16-e1104AX R7 6800H/8GB/512GB/16.1''FHD/Nvidia RTX 3050 4GB/Win11 sử dụng chip AMD Ryzen 7 6800H
Laptop Asus TUF Gaming FA507NV-LP046W R7 7735HS/8GB/512GB/GeForce RTX 4060 8GB/Win11 sử dụng chip gì?,Laptop Asus TUF Gaming FA507NV-LP046W R7 7735HS/8GB/512GB/GeForce RTX 4060 8GB/Win11 sử dụng chip AMD Ryzen 7 7735HS
"Laptop HP 245 G10 R5 7520U/8GB/256GB/14""FHD/Win11 sử dụng chip gì?","Laptop HP 245 G10 R5 7520U/8GB/256GB/14""FHD/Win11 sử dụng chip AMD Ryzen 5 7520U"
"Laptop Acer Aspire 3 A315-59-31BT i3 1215U/8GB/256GB/15.6""FHD/Win11 sử dụng chip gì?","Laptop Acer Aspire 3 A315-59-31BT i3 1215U/8GB/256GB/15.6""FHD/Win11 sử dụng chip Intel Core i3 1215U"
"Laptop Lenovo Ideapad 3 15IAU7 i5 1235U/8GB/512GB/15.6""FHD/Win 11 sử dụng chip gì?","Laptop Lenovo Ideapad 3 15IAU7 i5 1235U/8GB/512GB/15.6""FHD/Win 11 sử dụng chip Intel Core i5 1235U"
Laptop Acer Swift 3 SF314-511-55QE i5 1135G7/16GB/512GB SSD/Win11 sử dụng chip gì?,Laptop Acer Swift 3 SF314-511-55QE i5 1135G7/16GB/512GB SSD/Win11 sử dụng chip Intel Core i5 1135G7
Laptop HP 14s-dq2644TU i3 1115G4/8GB/256GB/14''FHD/Win11 sử dụng chip gì?,Laptop HP 14s-dq2644TU i3 1115G4/8GB/256GB/14''FHD/Win11 sử dụng chip Intel Core i3 1115G4
"Laptop HP 15s fq5160TU i5 1235U/16GB/512GB/15.6""FHD/Win 11 sử dụng chip gì?","Laptop HP 15s fq5160TU i5 1235U/16GB/512GB/15.6""FHD/Win 11 sử dụng chip Intel Core i5 1235U"
"Laptop Asus Vivobook E1504FA-NJ426W R3 7320U/8GB/256GB/15.6"" FHD/Win11 sử dụng chip gì?","Laptop Asus Vivobook E1504FA-NJ426W R3 7320U/8GB/256GB/15.6"" FHD/Win11 sử dụng chip AMD Ryzen 3 7320U"
"Laptop Asus Zenbook UX3402ZA-KM218W i5 1240P/8GB/512GB/14.0""OLED WQXGA/Win 11 sử dụng chip gì?","Laptop Asus Zenbook UX3402ZA-KM218W i5 1240P/8GB/512GB/14.0""OLED WQXGA/Win 11 sử dụng chip Intel Core i5 1240P"
"Laptop Acer Nitro Gaming AN515-58-769J i7 12700H/8GB/512GB/15.6""FHD/GeForce RTX 3050 4GB/Win11 sử dụng chip gì?","Laptop Acer Nitro Gaming AN515-58-769J i7 12700H/8GB/512GB/15.6""FHD/GeForce RTX 3050 4GB/Win11 sử dụng chip Intel Core i7 12700H"
"Laptop HP 15s fq2712TU i3 1115G4/8GB/256GB/15.6""FHD/Win 11 sử dụng chip gì?","Laptop HP 15s fq2712TU i3 1115G4/8GB/256GB/15.6""FHD/Win 11 sử dụng chip Intel Core i3 1115G4"
"Laptop Lenovo IdeaPad Slim 5 16IAH8 i5 12450H/16GB/512GB/16""WUXGA/Win11 sử dụng chip gì?","Laptop Lenovo IdeaPad Slim 5 16IAH8 i5 12450H/16GB/512GB/16""WUXGA/Win11 sử dụng chip Intel Core i5 12450H"
"Laptop MSI Gaming Alpha 15 B5EEK-203VN R5 5600H/8GB/512GB/15.6""FHD/RX6600M 8GB/Win 11_Balo sử dụng chip gì?","Laptop MSI Gaming Alpha 15 B5EEK-203VN R5 5600H/8GB/512GB/15.6""FHD/RX6600M 8GB/Win 11_Balo sử dụng chip AMD Ryzen 5 5600H"
"Laptop Gigabyte Gaming A5 K1-AVN1030SB R5 5600H/8GB/512GB/15.6""FHD/Nvidia RTX 3060 6GB/Win11 sử dụng chip gì?","Laptop Gigabyte Gaming A5 K1-AVN1030SB R5 5600H/8GB/512GB/15.6""FHD/Nvidia RTX 3060 6GB/Win11 sử dụng chip AMD Ryzen 5 5600H"
"Laptop Acer Aspire 3 A315-58-54M5 i5 1135G7/8GB/512GB/15.6""FHD/Win 11 sử dụng chip gì?","Laptop Acer Aspire 3 A315-58-54M5 i5 1135G7/8GB/512GB/15.6""FHD/Win 11 sử dụng chip Intel Core i5 1135G7"
"Laptop Huawei MateBook D14 BE i3 1215U/8GB/256GB/14""FHD+/Win11 sử dụng chip gì?","Laptop Huawei MateBook D14 BE i3 1215U/8GB/256GB/14""FHD+/Win11 sử dụng chip Intel Core i3 1215U"
"Laptop Lenovo Gaming Legion 5 15ARH7H R5 6600H/16GB/512GB/15.6""WQHD/NVIDIA RTX 3060 6GB/Win11 sử dụng chip gì?","Laptop Lenovo Gaming Legion 5 15ARH7H R5 6600H/16GB/512GB/15.6""WQHD/NVIDIA RTX 3060 6GB/Win11 sử dụng chip AMD Ryzen 5 6600H"
"Laptop Acer Aspire 3 A314-23M-R4TX R5 7520U/8GB/512GB/14""FHD/Win11 sử dụng chip gì?","Laptop Acer Aspire 3 A314-23M-R4TX R5 7520U/8GB/512GB/14""FHD/Win11 sử dụng chip AMD Ryzen 5 7520U"
"Laptop Dell Inspiron 16 N5620 i5 1240P/16GB/512GB/16.0""FHD/GeForce MX570 2GB/Win 11/Office HS21 sử dụng chip gì?","Laptop Dell Inspiron 16 N5620 i5 1240P/16GB/512GB/16.0""FHD/GeForce MX570 2GB/Win 11/Office HS21 sử dụng chip Intel Core i5 1240P"
"Laptop Acer Nitro Gaming AN515-57-54MV i5 11400H/8GB/512GB/15.6""FHD/NVIDIA GeForce RTX 3050 4GB/Win11 sử dụng chip gì?","Laptop Acer Nitro Gaming AN515-57-54MV i5 11400H/8GB/512GB/15.6""FHD/NVIDIA GeForce RTX 3050 4GB/Win11 sử dụng chip Intel Core i5 11400H"
"Laptop Lenovo Gaming Legion 5 15IAH7 i5 12500H/16GB/512GB/15.6""FHD/Nvidia RTX 3050 4GB/Win 11 sử dụng chip gì?","Laptop Lenovo Gaming Legion 5 15IAH7 i5 12500H/16GB/512GB/15.6""FHD/Nvidia RTX 3050 4GB/Win 11 sử dụng chip Intel Core i5 12500H"
Laptop Acer Aspire 5 A514-54-5127 i5 1135G7/8GB/512GB SSD/14.0''FHD/Win11 sử dụng chip gì?,Laptop Acer Aspire 5 A514-54-5127 i5 1135G7/8GB/512GB SSD/14.0''FHD/Win11 sử dụng chip Intel Core i5 1135G7
"Laptop Asus TUF Gaming FX706HC-HX579W i5 11400H/8GB/512GB/GeForce RTX 3050 4GB/17.3""FHD/Win 11 sử dụng chip gì?","Laptop Asus TUF Gaming FX706HC-HX579W i5 11400H/8GB/512GB/GeForce RTX 3050 4GB/17.3""FHD/Win 11 sử dụng chip Intel Core i5 11400H"
"Laptop Lenovo ThinkBook 14 G4 IAP i5 1235U/8GB/512GB/14.0""FHD/Win11 sử dụng chip gì?","Laptop Lenovo ThinkBook 14 G4 IAP i5 1235U/8GB/512GB/14.0""FHD/Win11 sử dụng chip Intel Core i5 1235U"
Laptop Asus TUF Gaming FX507ZV4-LP041W i7 12700H/8GB/512GB/15.6''/Nvidia RTX 4060 8GB/Win11 sử dụng chip gì?,Laptop Asus TUF Gaming FX507ZV4-LP041W i7 12700H/8GB/512GB/15.6''/Nvidia RTX 4060 8GB/Win11 sử dụng chip Intel Core i7 12700H
"Laptop Asus Vivobook Pro K3405VC-KM070W i9 13900H/16GB/512GB/14"" OLED 2.8K/GeForce RTX3050 4GB/Win11 sử dụng chip gì?","Laptop Asus Vivobook Pro K3405VC-KM070W i9 13900H/16GB/512GB/14"" OLED 2.8K/GeForce RTX3050 4GB/Win11 sử dụng chip Intel Core i9 13900H"
"Laptop MSI Modern 14 C12MO-660VN i5 1235U/16GB/512GB/14""FHD/Win11 sử dụng chip gì?","Laptop MSI Modern 14 C12MO-660VN i5 1235U/16GB/512GB/14""FHD/Win11 sử dụng chip Intel Core i5 1235U"
Laptop HP Pavilion 15-eg2063TX i5 1235U/8GB/512GB/15.6''FHD/NVIDIA MX550 2GB/Win11 sử dụng chip gì?,Laptop HP Pavilion 15-eg2063TX i5 1235U/8GB/512GB/15.6''FHD/NVIDIA MX550 2GB/Win11 sử dụng chip Intel Core i5 1235U
"Laptop MSI Modern 14 C11M-011VN i3 1115G4/8GB/512GB/14"" FHD/Win11 sử dụng chip gì?","Laptop MSI Modern 14 C11M-011VN i3 1115G4/8GB/512GB/14"" FHD/Win11 sử dụng chip Intel Core i3 1115G4"
"Laptop HP ProBook 440 G10 i7 1360P/16GB/512GB/14""FHD Touch/Win11 sử dụng chip gì?","Laptop HP ProBook 440 G10 i7 1360P/16GB/512GB/14""FHD Touch/Win11 sử dụng chip Intel Core i7 1360P"
"Laptop MSI Gaming Katana 15 B13VFK-676VN i7 13620H/16GB/1TB/Geforce RTX 4060 8GB/15.6""FHD/Win11 - Balo sử dụng chip gì?","Laptop MSI Gaming Katana 15 B13VFK-676VN i7 13620H/16GB/1TB/Geforce RTX 4060 8GB/15.6""FHD/Win11 - Balo sử dụng chip Intel Core i7 13620H"
Laptop HP 240 G9 i5 1235U/8GB/512GB/14.0''FHD/Win11 sử dụng chip gì?,Laptop HP 240 G9 i5 1235U/8GB/512GB/14.0''FHD/Win11 sử dụng chip Intel Core i5 1235U
"Laptop Lenovo ThinkPad E16 Gen 1 i5 1340P/16GB/512GB/16""WUXGA/Win 11 sử dụng chip gì?","Laptop Lenovo ThinkPad E16 Gen 1 i5 1340P/16GB/512GB/16""WUXGA/Win 11 sử dụng chip Intel Core i5 1340P"
Laptop Lenovo ThinkPad E14 Gen 4 i7-1255U/8GB/512GB/14.0FHD/Win11 sử dụng chip gì?,Laptop Lenovo ThinkPad E14 Gen 4 i7-1255U/8GB/512GB/14.0FHD/Win11 sử dụng chip Intel Core i7 1255U
Laptop Lenovo ThinkPad E16 Gen 1 i7 1355U/16GB/512GB/16.0 WUXGA/Win11 sử dụng chip gì?,Laptop Lenovo ThinkPad E16 Gen 1 i7 1355U/16GB/512GB/16.0 WUXGA/Win11 sử dụng chip Intel Core i7 1355U
"Laptop MSI Modern 14 C5M-030VN R5 5625U/8GB/512GB/14"" FHD/Win 11 sử dụng chip gì?","Laptop MSI Modern 14 C5M-030VN R5 5625U/8GB/512GB/14"" FHD/Win 11 sử dụng chip AMD Ryzen 5 5625U"
"Laptop Asus Zenbook UX3402VA-KM203W i5 1340P/16GB/512GB/14"" WQXGA+/Win11 sử dụng chip gì?","Laptop Asus Zenbook UX3402VA-KM203W i5 1340P/16GB/512GB/14"" WQXGA+/Win11 sử dụng chip Intel Core i5 1340P"
"Laptop Lenovo IdeaPad 5 15ABA7 R5 5625U/8GB/512GB/15.6"" FHD/Win 11 sử dụng chip gì?","Laptop Lenovo IdeaPad 5 15ABA7 R5 5625U/8GB/512GB/15.6"" FHD/Win 11 sử dụng chip AMD Ryzen 5 5625U"
"Laptop Acer Nitro Gaming AN515-45-R86D R7 5800H/8GB/512GB/15.6""FHD/GeForce RTX 3060 6GB/Win 11 sử dụng chip gì?","Laptop Acer Nitro Gaming AN515-45-R86D R7 5800H/8GB/512GB/15.6""FHD/GeForce RTX 3060 6GB/Win 11 sử dụng chip AMD Ryzen 7 5800H"
"Laptop Acer Nitro 5 Gaming AN515-58-5935 i5 2450H/8GB/512GB/15.6""FHD/RTX4050 6GB/Win11 sử dụng chip gì?","Laptop Acer Nitro 5 Gaming AN515-58-5935 i5 2450H/8GB/512GB/15.6""FHD/RTX4050 6GB/Win11 sử dụng chip Intel Core i5 12450H"
"Microsoft Surface Laptop Go i5 1035G1/8GB/128GB/12.4"" Touch/Win10 sử dụng chip gì?","Microsoft Surface Laptop Go i5 1035G1/8GB/128GB/12.4"" Touch/Win10 sử dụng chip Intel Core i5 1035G1"
"Laptop MSI Gaming Cyborg 15 A12VE-240VN i7 12650H/8GB/512GB/15.6""FHD/GeForce RTX 4050 6GB/Win 11 + Balo sử dụng chip gì?","Laptop MSI Gaming Cyborg 15 A12VE-240VN i7 12650H/8GB/512GB/15.6""FHD/GeForce RTX 4050 6GB/Win 11 + Balo sử dụng chip Intel Core i7 12650H"
"Laptop Asus Zenbook Flip UP3404VA-KN038W i5 1340P/16GB/512GB/14"" OLED Touch/Win11 sử dụng chip gì?","Laptop Asus Zenbook Flip UP3404VA-KN038W i5 1340P/16GB/512GB/14"" OLED Touch/Win11 sử dụng chip Intel Core i5 1340P"
"Laptop MSI Gaming Katana GF66 12UCK-815VN i5 12450H/8GB/512GB/15.6""/GeForce RTX 3050 4GB/Win11_Balo sử dụng chip gì?","Laptop MSI Gaming Katana GF66 12UCK-815VN i5 12450H/8GB/512GB/15.6""/GeForce RTX 3050 4GB/Win11_Balo sử dụng chip Intel Core i5 12450H"
"Laptop Acer Aspire 3 A315-58-53S6 i5 1135G7/8GB/256GB/15.6""FHD/Win 11 sử dụng chip gì?","Laptop Acer Aspire 3 A315-58-53S6 i5 1135G7/8GB/256GB/15.6""FHD/Win 11 sử dụng chip Intel Core i5 1135G7"
"Laptop Lenovo IdeaPad 3 14IAU7 i3 1215U/8GB/512GB/14""FHD/Win 11 sử dụng chip gì?","Laptop Lenovo IdeaPad 3 14IAU7 i3 1215U/8GB/512GB/14""FHD/Win 11 sử dụng chip Intel Core i3 1215U"
"Laptop Lenovo IdeaPad 3 14IAU7 i3 1215U/8GB/512GB/14.0""FHD/Win 11 sử dụng chip gì?","Laptop Lenovo IdeaPad 3 14IAU7 i3 1215U/8GB/512GB/14.0""FHD/Win 11 sử dụng chip Intel Core i3 1215U"
"Laptop Acer Swift Edge SFA16-41-R3L6 R7 6800U/16GB/1TB/16"" WQUXGA/Win11 sử dụng chip gì?","Laptop Acer Swift Edge SFA16-41-R3L6 R7 6800U/16GB/1TB/16"" WQUXGA/Win11 sử dụng chip AMD Ryzen 7 6800H"
"Laptop MSI Creator M16 B13VE-830VN i7 13700H/16GB/512GB SSD/16""FHD/RTX4050 8GB/Win 11 sử dụng chip gì?","Laptop MSI Creator M16 B13VE-830VN i7 13700H/16GB/512GB SSD/16""FHD/RTX4050 8GB/Win 11 sử dụng chip Intel Core i7 13700H"
"Laptop MSI Summit E14 Evo A12M-211VN i7 1280P/16GB/512GB/14""FHD/Win11/Túi/Chuột sử dụng chip gì?","Laptop MSI Summit E14 Evo A12M-211VN i7 1280P/16GB/512GB/14""FHD/Win11/Túi/Chuột sử dụng chip Intel Core i7 1280P"
MacBook Pro 16 inch M2 Max 2023 12CPU 38GPU 32GB/1TB sử dụng chip gì?,MacBook Pro 16 inch M2 Max 2023 12CPU 38GPU 32GB/1TB sử dụng chip Apple M2 Max 12-Core
MacBook Pro 16 inch M2 Pro 2023 12CPU 19GPU 32GB/512GB sử dụng chip gì?,MacBook Pro 16 inch M2 Pro 2023 12CPU 19GPU 32GB/512GB sử dụng chip Apple M2 Pro 12-Core
"Laptop MSI Gaming Raider GE68HX 13VG-048VN i7 13700HX/32GB/2TB/16""QHD/RTX4070 8GB/Win11/Balo sử dụng chip gì?","Laptop MSI Gaming Raider GE68HX 13VG-048VN i7 13700HX/32GB/2TB/16""QHD/RTX4070 8GB/Win11/Balo sử dụng chip Intel Core i7 13700HX"
MacBook Pro 16 inch M2 Pro 2023 12CPU 19GPU 16GB/512GB sử dụng chip gì?,MacBook Pro 16 inch M2 Pro 2023 12CPU 19GPU 16GB/512GB sử dụng chip Apple M2 Pro 12-Core
MacBook Pro 14 inch M2 Pro 2023 10CPU 16GPU 32GB/512GB sử dụng chip gì?,MacBook Pro 14 inch M2 Pro 2023 10CPU 16GPU 32GB/512GB sử dụng chip Apple M2 Pro 10-Core
MacBook Pro 14 inch M1 Pro 2021 10CPU 16GPU 16GB/1TB sử dụng chip gì?,MacBook Pro 14 inch M1 Pro 2021 10CPU 16GPU 16GB/1TB sử dụng chip Apple M1 Pro
Laptop Asus Gaming ROG Strix G533ZS-LN036W i9 12900H/32GB/2TB/15.6''WQHD/NVIDIA RTX3080 8GB/Win11 sử dụng chip gì?,Laptop Asus Gaming ROG Strix G533ZS-LN036W i9 12900H/32GB/2TB/15.6''WQHD/NVIDIA RTX3080 8GB/Win11 sử dụng chip Intel Core i9 12900H
Laptop Asus Zenbook Pro UX6404VV-P4069W i9 13900H/32GB/1TB/14.5” 2.8K/Nvidia RTX 4060 8GB/Win11 sử dụng chip gì?,Laptop Asus Zenbook Pro UX6404VV-P4069W i9 13900H/32GB/1TB/14.5” 2.8K/Nvidia RTX 4060 8GB/Win11 sử dụng chip Intel Core i9 13900H
"Laptop Microsoft Surface Pro 9 i7 1255U/16GB/256GB/13"" Touchscreen/Win11 sử dụng chip gì?","Laptop Microsoft Surface Pro 9 i7 1255U/16GB/256GB/13"" Touchscreen/Win11 sử dụng chip Intel Core i7 1255U"
Laptop Asus Gaming ROG Zephyrus GU603VU-N3898W i7 13620H/16G/512GB/16''/Nvidia RTX 4050 6GB/Win11 sử dụng chip gì?,Laptop Asus Gaming ROG Zephyrus GU603VU-N3898W i7 13620H/16G/512GB/16''/Nvidia RTX 4050 6GB/Win11 sử dụng chip Intel Core i7 13620H
"Laptop Acer Predator Helios Neo Gaming PHN16-71-7460 i7 13700HX/8GB/512GB/16""WQXGA/RTX4050/Win11 sử dụng chip gì?","Laptop Acer Predator Helios Neo Gaming PHN16-71-7460 i7 13700HX/8GB/512GB/16""WQXGA/RTX4050/Win11 sử dụng chip Intel Core i7 13700HX"
MacBook Air 15 M2 2023 8CPU 10GPU/8GB/512GB/Sạc 70W sử dụng chip gì?,MacBook Air 15 M2 2023 8CPU 10GPU/8GB/512GB/Sạc 70W sử dụng chip Apple M2 8 - Core
Laptop Asus Gaming ROG Strix G513RW-HQ152W R9-6900HX/16GB/1TB/Nvidia RTX 3070Ti 8GB/Win11 sử dụng chip gì?,Laptop Asus Gaming ROG Strix G513RW-HQ152W R9-6900HX/16GB/1TB/Nvidia RTX 3070Ti 8GB/Win11 sử dụng chip AMD Ryzen 9 6900HX
MacBook Air 15 inch M2 2023 8CPU 10GPU 16GB/256GB sử dụng chip gì?,MacBook Air 15 inch M2 2023 8CPU 10GPU 16GB/256GB sử dụng chip Apple M2 8 - Core
MacBook Pro 13 inch M2 2022 8CPU 10GPU 16GB/256GB sử dụng chip gì?,MacBook Pro 13 inch M2 2022 8CPU 10GPU 16GB/256GB sử dụng chip Apple M2 8 - Core
"Laptop LG Gram 14Z90R-G.AH75A5 i7 1360P/16G/512G/14""WUXGA/Win11 sử dụng chip gì?","Laptop LG Gram 14Z90R-G.AH75A5 i7 1360P/16G/512G/14""WUXGA/Win11 sử dụng chip Intel Core i7 1360P"
"Laptop Lenovo Gaming Legion 5 Pro 16ARH7H R7 6800H/16GB/512GB/16""/Nvidia RTX 3060 6GB/Win 11 sử dụng chip gì?","Laptop Lenovo Gaming Legion 5 Pro 16ARH7H R7 6800H/16GB/512GB/16""/Nvidia RTX 3060 6GB/Win 11 sử dụng chip AMD Ryzen 7 6800H"
MacBook Air 13 inch M2 2022 8CPU 8GPU 16GB/256GB sử dụng chip gì?,MacBook Air 13 inch M2 2022 8CPU 8GPU 16GB/256GB sử dụng chip Apple M2 8 - Core
MacBook Air 15 inch M2 2023 8CPU 10GPU 8GB/256GB sử dụng chip gì?,MacBook Air 15 inch M2 2023 8CPU 10GPU 8GB/256GB sử dụng chip Apple M2 8 - Core
"Laptop Asus Zenbook Flip UP3404VA-KN039W i7 1360P/16GB/512GB/14"" OLED Touch/Win11 sử dụng chip gì?","Laptop Asus Zenbook Flip UP3404VA-KN039W i7 1360P/16GB/512GB/14"" OLED Touch/Win11 sử dụng chip Intel Core i7 1360P"
MacBook Pro 13 inch M2 2022 8CPU 10GPU 8GB/256GB sử dụng chip gì?,MacBook Pro 13 inch M2 2022 8CPU 10GPU 8GB/256GB sử dụng chip Apple M2 8 - Core
"Laptop Gigabyte Gaming Aorus 15 9MF-E2VN583SH i5 12500H/8GB/512GB/15.6""FHD/Nvidia RTX 4050 6GB/Win11 sử dụng chip gì?","Laptop Gigabyte Gaming Aorus 15 9MF-E2VN583SH i5 12500H/8GB/512GB/15.6""FHD/Nvidia RTX 4050 6GB/Win11 sử dụng chip Intel Core i5 12500H"
Laptop Asus TUF Gaming FX507ZU4-LP520W i7 12700H/8GB/512GB/15.6'' FHD/NVIDIA RTX 4050 6GB/Win11 sử dụng chip gì?,Laptop Asus TUF Gaming FX507ZU4-LP520W i7 12700H/8GB/512GB/15.6'' FHD/NVIDIA RTX 4050 6GB/Win11 sử dụng chip Intel Core i7 12700H
MacBook Air 13 inch M1 2020 8CPU 7GPU 16GB/256GB sử dụng chip gì?,MacBook Air 13 inch M1 2020 8CPU 7GPU 16GB/256GB sử dụng chip Apple M1
"Laptop MSI Gaming Cyborg 15 A12VF-267VN i7 12650H/8GB/512GB/15.6""FHD/GeForce RTX 4060 8GB/Win11/Balo sử dụng chip gì?","Laptop MSI Gaming Cyborg 15 A12VF-267VN i7 12650H/8GB/512GB/15.6""FHD/GeForce RTX 4060 8GB/Win11/Balo sử dụng chip Intel Core i7 12650H"
MacBook Air 13 inch M2 2022 8CPU 8GPU 8GB/256GB sử dụng chip gì?,MacBook Air 13 inch M2 2022 8CPU 8GPU 8GB/256GB sử dụng chip Apple M2 8 - Core
"Laptop Acer Swift 3 SF314-512-741L i7 1260P/16GB/1T/14"" QHD/Win11 sử dụng chip gì?","Laptop Acer Swift 3 SF314-512-741L i7 1260P/16GB/1T/14"" QHD/Win11 sử dụng chip Intel Core i7 1260P"
"Laptop LG Gram 14Z90R-G.AH53A5 i5 1340P/16GB/256GB/14""WUXGA/Win11 sử dụng chip gì?","Laptop LG Gram 14Z90R-G.AH53A5 i5 1340P/16GB/256GB/14""WUXGA/Win11 sử dụng chip Intel Core i5 1340P"
"Laptop Asus Vivobook Flip TP3402VA-LZ118W i9 13900H/16GB/512GB/14""Touch/Win11 sử dụng chip gì?","Laptop Asus Vivobook Flip TP3402VA-LZ118W i9 13900H/16GB/512GB/14""Touch/Win11 sử dụng chip Intel Core i9 13900H"
"Laptop Dell Inspiron 14 2in1 T7430 i5 1335U/8GB/512GB/14.0""FHD/ Win11/Office HS21/Bút sử dụng chip gì?","Laptop Dell Inspiron 14 2in1 T7430 i5 1335U/8GB/512GB/14.0""FHD/ Win11/Office HS21/Bút sử dụng chip Intel Core i5 1335U"
"Laptop HP Pavilion 14-dv2071TU i7 1255U/16GB/512GB/14""FHD/Win11 sử dụng chip gì?","Laptop HP Pavilion 14-dv2071TU i7 1255U/16GB/512GB/14""FHD/Win11 sử dụng chip Intel Core i7 1255U"
"Laptop Acer Aspire 7 Gaming A715-76G-5806 i5 12450H/16GB/512GB/15.6""FHD/GeForce RTX3050/Win11 sử dụng chip gì?","Laptop Acer Aspire 7 Gaming A715-76G-5806 i5 12450H/16GB/512GB/15.6""FHD/GeForce RTX3050/Win11 sử dụng chip Intel Core i5 12450H"
"Laptop Dell Inspiron 15 N3520 i7 1255U/8GB/512GB/15.6""FHD/Win11/Office HS21 sử dụng chip gì?","Laptop Dell Inspiron 15 N3520 i7 1255U/8GB/512GB/15.6""FHD/Win11/Office HS21 sử dụng chip Intel Core i7 1255U"
MacBook Air 13 inch M1 2020 8CPU 7GPU 8GB/256GB sử dụng chip gì?,MacBook Air 13 inch M1 2020 8CPU 7GPU 8GB/256GB sử dụng chip Apple M1
"Laptop Lenovo ThinkPad E14 Gen 3 R7 5700U/8GB/512GB/14.0""FHD/Win 10 sử dụng chip gì?","Laptop Lenovo ThinkPad E14 Gen 3 R7 5700U/8GB/512GB/14.0""FHD/Win 10 sử dụng chip AMD Ryzen 7 5700U"
"Laptop MSI Gaming GF63 Thin 12UC-1006VN i5 12450H/16GB/512GB/15.6""FHD/Nvidia RTX 3050 4GB/Win11 sử dụng chip gì?","Laptop MSI Gaming GF63 Thin 12UC-1006VN i5 12450H/16GB/512GB/15.6""FHD/Nvidia RTX 3050 4GB/Win11 sử dụng chip Intel Core i5 12450H"
Laptop VAIO FE14 i5 1235U/8GB/512GB/14'' FHD/Intel UHD/Win11/VWNC51427-BK sử dụng chip gì?,Laptop VAIO FE14 i5 1235U/8GB/512GB/14'' FHD/Intel UHD/Win11/VWNC51427-BK sử dụng chip Intel Core i5 1235U
"Laptop Lenovo Yoga 7 14ACN6 R7 5800U/8GB/512GB/14.0""FHD/Win 10 sử dụng chip gì?","Laptop Lenovo Yoga 7 14ACN6 R7 5800U/8GB/512GB/14.0""FHD/Win 10 sử dụng chip AMD Ryzen 7 5800U"
"Laptop MSI Modern 15 B13M-438VN i5 1335U/8GB/512GB/15.6""FHD/Win11 sử dụng chip gì?","Laptop MSI Modern 15 B13M-438VN i5 1335U/8GB/512GB/15.6""FHD/Win11 sử dụng chip Intel Core i5 1335U"
"Laptop MSI Gaming GF63 12UCX-841VN i5 12450H/8GB/512GB/15.6"" FHD/RTX2050_4GB/Win11 sử dụng chip gì?","Laptop MSI Gaming GF63 12UCX-841VN i5 12450H/8GB/512GB/15.6"" FHD/RTX2050_4GB/Win11 sử dụng chip Intel Core i5 12450H"
"Laptop MSI Modern 15 B7M-238VN R7 7730U/16GB/512GB/15.6""FHD/Win 11 sử dụng chip gì?","Laptop MSI Modern 15 B7M-238VN R7 7730U/16GB/512GB/15.6""FHD/Win 11 sử dụng chip AMD Ryzen 7 7730U"
"Laptop HP Pavilion 15 eg2037TX i5 1235U/8GB/256GB/15.6""FHD/GeForce MX550 2GB/Win 11 sử dụng chip gì?","Laptop HP Pavilion 15 eg2037TX i5 1235U/8GB/256GB/15.6""FHD/GeForce MX550 2GB/Win 11 sử dụng chip Intel Core i5 1235U"
"Laptop HP 15s fq5161TU i5 1235U/8GB/512GB/15.6""FHD/Win 11 sử dụng chip gì?","Laptop HP 15s fq5161TU i5 1235U/8GB/512GB/15.6""FHD/Win 11 sử dụng chip Intel Core i5 1235U"
"Laptop HP Pavilion 15 eg2058TU i5 1240P/8GB/256GB/15.6""FHD/Win 11 sử dụng chip gì?","Laptop HP Pavilion 15 eg2058TU i5 1240P/8GB/256GB/15.6""FHD/Win 11 sử dụng chip Intel Core i5 1240P"
"Laptop MSI Modern 15 B12MO-628VN i5 1235U/16GB/512GB/15.6""FHD/Win11 sử dụng chip gì?","Laptop MSI Modern 15 B12MO-628VN i5 1235U/16GB/512GB/15.6""FHD/Win11 sử dụng chip Intel Core i5 1235U"
"Laptop HP Pavilion 14 dv2035TU i5 1235U/8GB/256GB/14""FHD/Win 11 sử dụng chip gì?","Laptop HP Pavilion 14 dv2035TU i5 1235U/8GB/256GB/14""FHD/Win 11 sử dụng chip Intel Core i5 1235U"
"Laptop HP Pavilion 14 dv2036TU i5 1235U/8GB/256GB/14""FHD/Win 11 sử dụng chip gì?","Laptop HP Pavilion 14 dv2036TU i5 1235U/8GB/256GB/14""FHD/Win 11 sử dụng chip Intel Core i5 1235U"
"Laptop HP 15s-fq5081TU i5-1235U/8GB/256GB/15.6""HD/Win 11 sử dụng chip gì?","Laptop HP 15s-fq5081TU i5-1235U/8GB/256GB/15.6""HD/Win 11 sử dụng chip Intel Core i5 1235U"
"Laptop Lenovo V14 G3 IAP i5-1235U/8GB/512GB/14.0""FHD/Win 11 sử dụng chip gì?","Laptop Lenovo V14 G3 IAP i5-1235U/8GB/512GB/14.0""FHD/Win 11 sử dụng chip Intel Core i5 1235U"
"Laptop Lenovo IdeaPad 1 15ALC7 R5 5500U/16GB/512GB/15.6"" FHD/Win11 sử dụng chip gì?","Laptop Lenovo IdeaPad 1 15ALC7 R5 5500U/16GB/512GB/15.6"" FHD/Win11 sử dụng chip AMD Ryzen 5 5500U"
"Laptop Asus Vivobook A515EA-BQ3013W/i3-1115G4/8GB/256GB/15.6""FHD/Win 11 sử dụng chip gì?","Laptop Asus Vivobook A515EA-BQ3013W/i3-1115G4/8GB/256GB/15.6""FHD/Win 11 sử dụng chip Intel Core i3 1115G4"
"Laptop MSI Gaming Creator Z16 HX Studio B13VFTO-063VN i7 13700HX/32GB/2TB/16""FHD/RTX4060 8GB/Win11 sử dụng chip gì?","Laptop MSI Gaming Creator Z16 HX Studio B13VFTO-063VN i7 13700HX/32GB/2TB/16""FHD/RTX4060 8GB/Win11 sử dụng chip Intel Core i7 13700HX"
Laptop Asus Zenbook Pro Duo UX8402VU-P1028W i9 13900H/32GB/1TB/14.5”/Nvidia RTX 4050 6GB/Win11 sử dụng chip gì?,Laptop Asus Zenbook Pro Duo UX8402VU-P1028W i9 13900H/32GB/1TB/14.5”/Nvidia RTX 4050 6GB/Win11 sử dụng chip Intel Core i9 13900H
Laptop Asus Gaming ROG Strix G614JI-N4084W i7 13650HX/16GB/1TB/16.0”/Nvidia RTX 4070 8GB/Win11 sử dụng chip gì?,Laptop Asus Gaming ROG Strix G614JI-N4084W i7 13650HX/16GB/1TB/16.0”/Nvidia RTX 4070 8GB/Win11 sử dụng chip Intel Core i7 13650HX
"Laptop MSI Gaming Creator Z16 A12UET-025VN i7 12700H/16GB/1TB/16""QHD+/Nvidia RTX 3060 6GB/Win 11/Túi sử dụng chip gì?","Laptop MSI Gaming Creator Z16 A12UET-025VN i7 12700H/16GB/1TB/16""QHD+/Nvidia RTX 3060 6GB/Win 11/Túi sử dụng chip Intel Core i7 12700H"
"Laptop Lenovo Gaming Legion Slim 5 16IRH8 i7 13700H/16G/512G/16""WQXGA/RTX4060_8GB/Win11 sử dụng chip gì?","Laptop Lenovo Gaming Legion Slim 5 16IRH8 i7 13700H/16G/512G/16""WQXGA/RTX4060_8GB/Win11 sử dụng chip Intel Core i7 13700H"
"Laptop Lenovo Gaming LOQ 15IRH8 i5-13420H/8GB/512GB/15.6""FHD/RTX4050 6GB/Win11 sử dụng chip gì?","Laptop Lenovo Gaming LOQ 15IRH8 i5-13420H/8GB/512GB/15.6""FHD/RTX4050 6GB/Win11 sử dụng chip Intel Core i5 13400"
"Laptop Lenovo ThinkBook 14p G3 ARH R5-6600H/16GB/512GB/14.0""2.2K/Win 11 sử dụng chip gì?","Laptop Lenovo ThinkBook 14p G3 ARH R5-6600H/16GB/512GB/14.0""2.2K/Win 11 sử dụng chip AMD Ryzen 5 6600H"
"Laptop Gigabyte Gaming G5 MF-F2VN333SH i5 12450H/8GB/512GB/15.6"" FHD/RTX4050_6GB/Win11 sử dụng chip gì?","Laptop Gigabyte Gaming G5 MF-F2VN333SH i5 12450H/8GB/512GB/15.6"" FHD/RTX4050_6GB/Win11 sử dụng chip Intel Core i5 12450H"
"Laptop Asus Vivobook A515EA-L12033W i5 1135G7/8GB/512GB/15.6""FHD/Win 11 sử dụng chip gì?","Laptop Asus Vivobook A515EA-L12033W i5 1135G7/8GB/512GB/15.6""FHD/Win 11 sử dụng chip Intel Core i5 1135G7"
"Laptop Lenovo Ideapad Gaming 3 15ARH7 R5 6600H/16GB/512GB/15.6""FHD/Nvidia RTX 3050 4GB/Win11 sử dụng chip gì?","Laptop Lenovo Ideapad Gaming 3 15ARH7 R5 6600H/16GB/512GB/15.6""FHD/Nvidia RTX 3050 4GB/Win11 sử dụng chip AMD Ryzen 5 6600H"
